Year,Month,Day,Discharge
2004,1,1,120
2004,1,2,90
2004,1,3,20
2004,1,4,71
2004,1,5,77
2004,1,6,16
2004,1,7,150
2004,1,8,810
2004,1,9,760
2004,1,10,450
2004,1,11,30
2004,1,12,910
2004,1,13,230
2004,1,14,370
2004,1,15,440
2004,1,16,240
2004,1,17,570
2004,1,18,580
2004,1,19,910
2004,1,20,930
2004,1,21,660
2004,1,22,610
2004,1,23,540
2004,1,24,520
2004,1,25,390
2004,1,26,320
2004,1,27,260
2004,1,28,480
2004,1,29,70
2004,1,30,880
2004,1,31,900
2004,2,1,300
2004,2,2,70
2004,2,3,780
2004,2,4,780
2004,2,5,510
2004,2,6,750
2004,2,7,620
2004,2,8,480
2004,2,9,380
2004,2,10,250
2004,2,11,260
2004,2,12,220
2004,2,13,190
2004,2,14,180
2004,2,15,290
2004,2,16,360
2004,2,17,480
2004,2,18,830
2004,2,19,600
2004,2,20,470
2004,2,21,330
2004,2,22,220
2004,2,23,180
2004,2,24,150
2004,2,25,190
2004,2,26,90
2004,2,27,30
2004,2,28,80
2004,2,29,31
2004,3,1,22
2004,3,2,52
2004,3,3,83
2004,3,4,32
2004,3,5,2
2004,3,6,46
2004,3,7,130
2004,3,8,470
2004,3,9,630
2004,3,10,440
2004,3,11,220
2004,3,12,180
2004,3,13,130
2004,3,14,50
2004,3,15,60
2004,3,16,10
2004,3,17,40
2004,3,18,170
2004,3,19,140
2004,3,20,20
2004,3,21,0
2004,3,22,100
2004,3,23,240
2004,3,24,440
2004,3,25,430
2004,3,26,480
2004,3,27,370
2004,3,28,250
2004,3,29,250
2004,3,30,460
2004,3,31,390
2004,4,1,230
2004,4,2,190
2004,4,3,160
2004,4,4,170
2004,4,5,160
2004,4,6,150
2004,4,7,150
2004,4,8,170
2004,4,9,140
2004,4,10,200
2004,4,11,330
2004,4,12,520
2004,4,13,500
2004,4,14,390
2004,4,15,310
2004,4,16,240
2004,4,17,150
2004,4,18,120
2004,4,19,100
2004,4,20,150
2004,4,21,30
2004,4,22,94
2004,4,23,10
2004,4,24,40
2004,4,25,95
2004,4,26,160
2004,4,27,590
2004,4,28,600
2004,4,29,300
2004,4,30,310
2004,5,1,650
2004,5,2,880
2004,5,3,940
2004,5,4,880
2004,5,5,730
2004,5,6,530
2004,5,7,450
2004,5,8,460
2004,5,9,390
2004,5,10,360
2004,5,11,330
2004,5,12,300
2004,5,13,330
2004,5,14,290
2004,5,15,350
2004,5,16,380
2004,5,17,420
2004,5,18,470
2004,5,19,710
2004,5,20,780
2004,5,21,850
2004,5,22,880
2004,5,23,600
2004,5,24,480
2004,5,25,450
2004,5,26,10
2004,5,27,160
2004,5,28,70
2004,5,29,650
2004,5,30,670
2004,5,31,670
2004,6,1,480
2004,6,2,500
2004,6,3,520
2004,6,4,770
2004,6,5,990
2004,6,6,900
2004,6,7,640
2004,6,8,520
2004,6,9,730
2004,6,10,690
2004,6,11,490
2004,6,12,390
2004,6,13,680
2004,6,14,570
2004,6,15,330
2004,6,16,290
2004,6,17,310
2004,6,18,510
2004,6,19,540
2004,6,20,400
2004,6,21,490
2004,6,22,610
2004,6,23,700
2004,6,24,710
2004,6,25,620
2004,6,26,470
2004,6,27,330
2004,6,28,200
2004,6,29,220
2004,6,30,250
2004,7,1,230
2004,7,2,190
2004,7,3,150
2004,7,4,60
2004,7,5,88
2004,7,6,80
2004,7,7,30
2004,7,8,71
2004,7,9,62
2004,7,10,57
2004,7,11,41
2004,7,12,27
2004,7,13,12
2004,7,14,55
2004,7,15,52
2004,7,16,52
2004,7,17,5
2004,7,18,35
2004,7,19,12
2004,7,20,75
2004,7,21,14
2004,7,22,8
2004,7,23,6
2004,7,24,36
2004,7,25,24
2004,7,26,91
2004,7,27,56
2004,7,28,56
2004,7,29,67
2004,7,30,65
2004,7,31,8
2004,8,1,15
2004,8,2,22
2004,8,3,92
2004,8,4,19
2004,8,5,67
2004,8,6,99
2004,8,7,1
2004,8,8,91
2004,8,9,62
2004,8,10,59
2004,8,11,54
2004,8,12,41
2004,8,13,41
2004,8,14,41
2004,8,15,41
2004,8,16,41
2004,8,17,19
2004,8,18,3
2004,8,19,3
2004,8,20,83
2004,8,21,4
2004,8,22,98
2004,8,23,37
2004,8,24,46
2004,8,25,660
2004,8,26,300
2004,8,27,9
2004,8,28,11
2004,8,29,93
2004,8,30,73
2004,8,31,16
2004,9,1,82
2004,9,2,32
2004,9,3,72
2004,9,4,77
2004,9,5,58
2004,9,6,43
2004,9,7,25
2004,9,8,34
2004,9,9,77
2004,9,10,52
2004,9,11,350
2004,9,12,37
2004,9,13,93
2004,9,14,16
2004,9,15,30
2004,9,16,64
2004,9,17,200
2004,9,18,31
2004,9,19,51
2004,9,20,93
2004,9,21,25
2004,9,22,16
2004,9,23,32
2004,9,24,72
2004,9,25,58
2004,9,26,38
2004,9,27,17
2004,9,28,98
2004,9,29,99
2004,9,30,77
2004,10,1,53
2004,10,2,38
2004,10,3,29
2004,10,4,40
2004,10,5,14
2004,10,6,72
2004,10,7,55
2004,10,8,140
2004,10,9,310
2004,10,10,50
2004,10,11,54
2004,10,12,56
2004,10,13,40
2004,10,14,87
2004,10,15,78
2004,10,16,91
2004,10,17,49
2004,10,18,26
2004,10,19,54
2004,10,20,49
2004,10,21,50
2004,10,22,51
2004,10,23,22
2004,10,24,7
2004,10,25,85
2004,10,26,29
2004,10,27,84
2004,10,28,83
2004,10,29,52
2004,10,30,86
2004,10,31,32
2004,11,1,170
2004,11,2,800
2004,11,3,820
2004,11,4,330
2004,11,5,120
2004,11,6,100
2004,11,7,240
2004,11,8,90
2004,11,9,40
2004,11,10,41
2004,11,11,87
2004,11,12,80
2004,11,13,27
2004,11,14,10
2004,11,15,30
2004,11,16,20
2004,11,17,42
2004,11,18,140
2004,11,19,87
2004,11,20,48
2004,11,21,16
2004,11,22,38
2004,11,23,11
2004,11,24,180
2004,11,25,290
2004,11,26,80
2004,11,27,620
2004,11,28,360
2004,11,29,230
2004,11,30,150
2004,12,1,60
2004,12,2,86
2004,12,3,28
2004,12,4,76
2004,12,5,42
2004,12,6,81
2004,12,7,55
2004,12,8,260
2004,12,9,240
2004,12,10,880
2004,12,11,300
2004,12,12,670
2004,12,13,40
2004,12,14,70
2004,12,15,690
2004,12,16,860
2004,12,17,460
2004,12,18,510
2004,12,19,350
2004,12,20,960
2004,12,21,740
2004,12,22,590
2004,12,23,450
2004,12,24,400
2004,12,25,370
2004,12,26,360
2004,12,27,210
2004,12,28,110
2004,12,29,110
2004,12,30,50
2004,12,31,97
2005,1,1,51
2005,1,2,98
2005,1,3,40
2005,1,4,21
2005,1,5,0
2005,1,6,89
2005,1,7,0
2005,1,8,70
2005,1,9,50
2005,1,10,20
2005,1,11,0
2005,1,12,0
2005,1,13,80
2005,1,14,50
2005,1,15,60
2005,1,16,42
2005,1,17,620
2005,1,18,190
2005,1,19,90
2005,1,20,0
2005,1,21,50
2005,1,22,690
2005,1,23,520
2005,1,24,180
2005,1,25,630
2005,1,26,340
2005,1,27,200
2005,1,28,900
2005,1,29,720
2005,1,30,620
2005,1,31,610
2005,2,1,420
2005,2,2,420
2005,2,3,300
2005,2,4,470
2005,2,5,380
2005,2,6,250
2005,2,7,190
2005,2,8,90
2005,2,9,50
2005,2,10,20
2005,2,11,71
2005,2,12,66
2005,2,13,35
2005,2,14,89
2005,2,15,20
2005,2,16,9
2005,2,17,27
2005,2,18,71
2005,2,19,77
2005,2,20,56
2005,2,21,17
2005,2,22,80
2005,2,23,6
2005,2,24,67
2005,2,25,84
2005,2,26,21
2005,2,27,73
2005,2,28,32
2005,3,1,43
2005,3,2,0
2005,3,3,37
2005,3,4,50
2005,3,5,43
2005,3,6,43
2005,3,7,57
2005,3,8,48
2005,3,9,55
2005,3,10,67
2005,3,11,65
2005,3,12,44
2005,3,13,67
2005,3,14,56
2005,3,15,62
2005,3,16,52
2005,3,17,61
2005,3,18,22
2005,3,19,99
2005,3,20,620
2005,3,21,230
2005,3,22,77
2005,3,23,57
2005,3,24,12
2005,3,25,59
2005,3,26,730
2005,3,27,770
2005,3,28,430
2005,3,29,350
2005,3,30,230
2005,3,31,170
2005,4,1,950
2005,4,2,620
2005,4,3,490
2005,4,4,340
2005,4,5,210
2005,4,6,240
2005,4,7,260
2005,4,8,230
2005,4,9,110
2005,4,10,40
2005,4,11,130
2005,4,12,20
2005,4,13,95
2005,4,14,12
2005,4,15,21
2005,4,16,310
2005,4,17,860
2005,4,18,480
2005,4,19,400
2005,4,20,240
2005,4,21,330
2005,4,22,560
2005,4,23,760
2005,4,24,890
2005,4,25,960
2005,4,26,100
2005,4,27,220
2005,4,28,70
2005,4,29,790
2005,4,30,680
2005,5,1,600
2005,5,2,740
2005,5,3,700
2005,5,4,670
2005,5,5,680
2005,5,6,590
2005,5,7,490
2005,5,8,410
2005,5,9,310
2005,5,10,640
2005,5,11,550
2005,5,12,450
2005,5,13,420
2005,5,14,450
2005,5,15,830
2005,5,16,540
2005,5,17,330
2005,5,18,590
2005,5,19,760
2005,5,20,540
2005,5,21,80
2005,5,22,230
2005,5,23,120
2005,5,24,860
2005,5,25,740
2005,5,26,720
2005,5,27,830
2005,5,28,900
2005,5,29,920
2005,5,30,780
2005,5,31,680
2005,6,1,550
2005,6,2,370
2005,6,3,280
2005,6,4,210
2005,6,5,150
2005,6,6,90
2005,6,7,40
2005,6,8,20
2005,6,9,67
2005,6,10,60
2005,6,11,67
2005,6,12,60
2005,6,13,10
2005,6,14,38
2005,6,15,61
2005,6,16,99
2005,6,17,30
2005,6,18,5
2005,6,19,16
2005,6,20,12
2005,6,21,84
2005,6,22,81
2005,6,23,99
2005,6,24,69
2005,6,25,49
2005,6,26,50
2005,6,27,37
2005,6,28,7
2005,6,29,26
2005,6,30,59
2005,7,1,8
2005,7,2,47
2005,7,3,53
2005,7,4,24
2005,7,5,60
2005,7,6,85
2005,7,7,96
2005,7,8,5
2005,7,9,35
2005,7,10,0
2005,7,11,30
2005,7,12,24
2005,7,13,40
2005,7,14,10
2005,7,15,16
2005,7,16,98
2005,7,17,87
2005,7,18,84
2005,7,19,88
2005,7,20,36
2005,7,21,19
2005,7,22,55
2005,7,23,23
2005,7,24,23
2005,7,25,85
2005,7,26,2
2005,7,27,78
2005,7,28,98
2005,7,29,92
2005,7,30,85
2005,7,31,76
2005,8,1,76
2005,8,2,64
2005,8,3,27
2005,8,4,4
2005,8,5,51
2005,8,6,59
2005,8,7,37
2005,8,8,27
2005,8,9,10
2005,8,10,38
2005,8,11,4
2005,8,12,99
2005,8,13,99
2005,8,14,99
2005,8,15,99
2005,8,16,99
2005,8,17,7
2005,8,18,20
2005,8,19,68
2005,8,20,77
2005,8,21,82
2005,8,22,28
2005,8,23,34
2005,8,24,71
2005,8,25,56
2005,8,26,54
2005,8,27,52
2005,8,28,54
2005,8,29,55
2005,8,30,54
2005,8,31,52
2005,9,1,52
2005,9,2,53
2005,9,3,10
2005,9,4,95
2005,9,5,4
2005,9,6,82
2005,9,7,89
2005,9,8,89
2005,9,9,8
2005,9,10,59
2005,9,11,60
2005,9,12,69
2005,9,13,70
2005,9,14,56
2005,9,15,74
2005,9,16,73
2005,9,17,57
2005,9,18,57
2005,9,19,37
2005,9,20,69
2005,9,21,88
2005,9,22,85
2005,9,23,58
2005,9,24,83
2005,9,25,60
2005,9,26,73
2005,9,27,68
2005,9,28,67
2005,9,29,81
2005,9,30,40
2005,10,1,3
2005,10,2,51
2005,10,3,26
2005,10,4,14
2005,10,5,10
2005,10,6,20
2005,10,7,64
2005,10,8,44
2005,10,9,38
2005,10,10,43
2005,10,11,86
2005,10,12,23
2005,10,13,67
2005,10,14,14
2005,10,15,75
2005,10,16,78
2005,10,17,50
2005,10,18,34
2005,10,19,77
2005,10,20,40
2005,10,21,80
2005,10,22,66
2005,10,23,91
2005,10,24,66
2005,10,25,40
2005,10,26,33
2005,10,27,85
2005,10,28,24
2005,10,29,49
2005,10,30,39
2005,10,31,10
2005,11,1,160
2005,11,2,56
2005,11,3,15
2005,11,4,120
2005,11,5,49
2005,11,6,64
2005,11,7,64
2005,11,8,46
2005,11,9,31
2005,11,10,390
2005,11,11,540
2005,11,12,50
2005,11,13,100
2005,11,14,50
2005,11,15,62
2005,11,16,74
2005,11,17,18
2005,11,18,94
2005,11,19,80
2005,11,20,160
2005,11,21,130
2005,11,22,100
2005,11,23,40
2005,11,24,36
2005,11,25,190
2005,11,26,40
2005,11,27,85
2005,11,28,77
2005,11,29,14
2005,11,30,37
2005,12,1,8
2005,12,2,73
2005,12,3,44
2005,12,4,94
2005,12,5,97
2005,12,6,63
2005,12,7,51
2005,12,8,50
2005,12,9,19
2005,12,10,27
2005,12,11,24
2005,12,12,21
2005,12,13,92
2005,12,14,78
2005,12,15,55
2005,12,16,56
2005,12,17,51
2005,12,18,42
2005,12,19,34
2005,12,20,60
2005,12,21,410
2005,12,22,870
2005,12,23,620
2005,12,24,250
2005,12,25,880
2005,12,26,980
2005,12,27,860
2005,12,28,220
2005,12,29,550
2005,12,30,350
2005,12,31,790
2006,1,1,580
2006,1,2,490
2006,1,3,800
2006,1,4,460
2006,1,5,850
2006,1,6,200
2006,1,7,150
2006,1,8,290
2006,1,9,490
2006,1,10,710
2006,1,11,410
2006,1,12,610
2006,1,13,270
2006,1,14,780
2006,1,15,660
2006,1,16,530
2006,1,17,560
2006,1,18,850
2006,1,19,120
2006,1,20,850
2006,1,21,420
2006,1,22,150
2006,1,23,960
2006,1,24,850
2006,1,25,800
2006,1,26,780
2006,1,27,640
2006,1,28,830
2006,1,29,960
2006,1,30,700
2006,1,31,240
2006,2,1,290
2006,2,2,70
2006,2,3,690
2006,2,4,550
2006,2,5,450
2006,2,6,760
2006,2,7,400
2006,2,8,190
2006,2,9,960
2006,2,10,830
2006,2,11,670
2006,2,12,550
2006,2,13,530
2006,2,14,450
2006,2,15,340
2006,2,16,300
2006,2,17,200
2006,2,18,140
2006,2,19,90
2006,2,20,60
2006,2,21,0
2006,2,22,76
2006,2,23,76
2006,2,24,98
2006,2,25,87
2006,2,26,74
2006,2,27,80
2006,2,28,30
2006,3,1,40
2006,3,2,22
2006,3,3,92
2006,3,4,32
2006,3,5,24
2006,3,6,10
2006,3,7,40
2006,3,8,140
2006,3,9,160
2006,3,10,97
2006,3,11,5
2006,3,12,49
2006,3,13,17
2006,3,14,78
2006,3,15,72
2006,3,16,70
2006,3,17,43
2006,3,18,20
2006,3,19,85
2006,3,20,73
2006,3,21,60
2006,3,22,34
2006,3,23,80
2006,3,24,770
2006,3,25,450
2006,3,26,140
2006,3,27,30
2006,3,28,67
2006,3,29,23
2006,3,30,98
2006,3,31,82
2006,4,1,47
2006,4,2,97
2006,4,3,71
2006,4,4,93
2006,4,5,70
2006,4,6,60
2006,4,7,28
2006,4,8,61
2006,4,9,50
2006,4,10,67
2006,4,11,48
2006,4,12,48
2006,4,13,71
2006,4,14,60
2006,4,15,98
2006,4,16,43
2006,4,17,73
2006,4,18,29
2006,4,19,91
2006,4,20,4
2006,4,21,60
2006,4,22,23
2006,4,23,4
2006,4,24,71
2006,4,25,81
2006,4,26,100
2006,4,27,80
2006,4,28,320
2006,4,29,830
2006,4,30,700
2006,5,1,450
2006,5,2,320
2006,5,3,220
2006,5,4,250
2006,5,5,360
2006,5,6,520
2006,5,7,470
2006,5,8,450
2006,5,9,320
2006,5,10,300
2006,5,11,290
2006,5,12,340
2006,5,13,290
2006,5,14,250
2006,5,15,600
2006,5,16,50
2006,5,17,830
2006,5,18,30
2006,5,19,870
2006,5,20,620
2006,5,21,250
2006,5,22,390
2006,5,23,350
2006,5,24,360
2006,5,25,100
2006,5,26,690
2006,5,27,490
2006,5,28,390
2006,5,29,300
2006,5,30,160
2006,5,31,270
2006,6,1,50
2006,6,2,530
2006,6,3,940
2006,6,4,990
2006,6,5,170
2006,6,6,800
2006,6,7,670
2006,6,8,580
2006,6,9,650
2006,6,10,450
2006,6,11,480
2006,6,12,680
2006,6,13,790
2006,6,14,580
2006,6,15,390
2006,6,16,430
2006,6,17,330
2006,6,18,80
2006,6,19,930
2006,6,20,830
2006,6,21,780
2006,6,22,700
2006,6,23,710
2006,6,24,760
2006,6,25,970
2006,6,26,260
2006,6,27,360
2006,6,28,150
2006,6,29,870
2006,6,30,850
2006,7,1,790
2006,7,2,800
2006,7,3,880
2006,7,4,900
2006,7,5,860
2006,7,6,750
2006,7,7,480
2006,7,8,410
2006,7,9,570
2006,7,10,500
2006,7,11,330
2006,7,12,330
2006,7,13,450
2006,7,14,240
2006,7,15,200
2006,7,16,100
2006,7,17,100
2006,7,18,10
2006,7,19,58
2006,7,20,56
2006,7,21,80
2006,7,22,210
2006,7,23,230
2006,7,24,170
2006,7,25,30
2006,7,26,52
2006,7,27,60
2006,7,28,0
2006,7,29,97
2006,7,30,35
2006,7,31,26
2006,8,1,79
2006,8,2,74
2006,8,3,73
2006,8,4,24
2006,8,5,28
2006,8,6,22
2006,8,7,47
2006,8,8,14
2006,8,9,11
2006,8,10,36
2006,8,11,73
2006,8,12,52
2006,8,13,40
2006,8,14,39
2006,8,15,49
2006,8,16,27
2006,8,17,92
2006,8,18,91
2006,8,19,4
2006,8,20,85
2006,8,21,82
2006,8,22,72
2006,8,23,72
2006,8,24,72
2006,8,25,51
2006,8,26,4
2006,8,27,42
2006,8,28,41
2006,8,29,28
2006,8,30,11
2006,8,31,7
2006,9,1,68
2006,9,2,78
2006,9,3,83
2006,9,4,93
2006,9,5,86
2006,9,6,81
2006,9,7,73
2006,9,8,72
2006,9,9,19
2006,9,10,71
2006,9,11,52
2006,9,12,62
2006,9,13,55
2006,9,14,37
2006,9,15,34
2006,9,16,43
2006,9,17,2
2006,9,18,20
2006,9,19,79
2006,9,20,76
2006,9,21,13
2006,9,22,43
2006,9,23,32
2006,9,24,17
2006,9,25,17
2006,9,26,32
2006,9,27,50
2006,9,28,48
2006,9,29,48
2006,9,30,48
2006,10,1,47
2006,10,2,46
2006,10,3,44
2006,10,4,44
2006,10,5,45
2006,10,6,45
2006,10,7,53
2006,10,8,55
2006,10,9,53
2006,10,10,53
2006,10,11,53
2006,10,12,53
2006,10,13,41
2006,10,14,94
2006,10,15,97
2006,10,16,53
2006,10,17,10
2006,10,18,92
2006,10,19,27
2006,10,20,33
2006,10,21,1
2006,10,22,80
2006,10,23,51
2006,10,24,36
2006,10,25,45
2006,10,26,31
2006,10,27,11
2006,10,28,75
2006,10,29,35
2006,10,30,49
2006,10,31,32
2006,11,1,55
2006,11,2,19
2006,11,3,220
2006,11,4,890
2006,11,5,520
2006,11,6,320
2006,11,7,560
2006,11,8,710
2006,11,9,750
2006,11,10,440
2006,11,11,490
2006,11,12,870
2006,11,13,250
2006,11,14,260
2006,11,15,240
2006,11,16,440
2006,11,17,590
2006,11,18,920
2006,11,19,760
2006,11,20,590
2006,11,21,880
2006,11,22,170
2006,11,23,710
2006,11,24,330
2006,11,25,950
2006,11,26,860
2006,11,27,650
2006,11,28,490
2006,11,29,340
2006,11,30,580
2006,12,1,360
2006,12,2,260
2006,12,3,190
2006,12,4,330
2006,12,5,340
2006,12,6,330
2006,12,7,310
2006,12,8,420
2006,12,9,510
2006,12,10,640
2006,12,11,220
2006,12,12,650
2006,12,13,750
2006,12,14,820
2006,12,15,500
2006,12,16,980
2006,12,17,20
2006,12,18,490
2006,12,19,230
2006,12,20,260
2006,12,21,470
2006,12,22,650
2006,12,23,340
2006,12,24,800
2006,12,25,880
2006,12,26,860
2006,12,27,440
2006,12,28,20
2006,12,29,820
2006,12,30,660
2006,12,31,540
2007,1,1,710
2007,1,2,130
2007,1,3,150
2007,1,4,910
2007,1,5,400
2007,1,6,730
2007,1,7,470
2007,1,8,720
2007,1,9,260
2007,1,10,950
2007,1,11,380
2007,1,12,100
2007,1,13,900
2007,1,14,790
2007,1,15,570
2007,1,16,540
2007,1,17,390
2007,1,18,380
2007,1,19,290
2007,1,20,220
2007,1,21,200
2007,1,22,250
2007,1,23,630
2007,1,24,640
2007,1,25,490
2007,1,26,360
2007,1,27,350
2007,1,28,240
2007,1,29,150
2007,1,30,120
2007,1,31,70
2007,2,1,40
2007,2,2,10
2007,2,3,67
2007,2,4,64
2007,2,5,140
2007,2,6,200
2007,2,7,270
2007,2,8,550
2007,2,9,360
2007,2,10,470
2007,2,11,540
2007,2,12,630
2007,2,13,450
2007,2,14,340
2007,2,15,900
2007,2,16,150
2007,2,17,740
2007,2,18,830
2007,2,19,690
2007,2,20,110
2007,2,21,740
2007,2,22,510
2007,2,23,380
2007,2,24,300
2007,2,25,300
2007,2,26,200
2007,2,27,100
2007,2,28,40
2007,3,1,0
2007,3,2,52
2007,3,3,77
2007,3,4,20
2007,3,5,70
2007,3,6,160
2007,3,7,560
2007,3,8,630
2007,3,9,570
2007,3,10,700
2007,3,11,330
2007,3,12,490
2007,3,13,350
2007,3,14,300
2007,3,15,580
2007,3,16,410
2007,3,17,470
2007,3,18,590
2007,3,19,550
2007,3,20,660
2007,3,21,230
2007,3,22,960
2007,3,23,30
2007,3,24,850
2007,3,25,810
2007,3,26,860
2007,3,27,470
2007,3,28,70
2007,3,29,900
2007,3,30,830
2007,3,31,700
2007,4,1,600
2007,4,2,570
2007,4,3,400
2007,4,4,340
2007,4,5,300
2007,4,6,360
2007,4,7,950
2007,4,8,280
2007,4,9,300
2007,4,10,930
2007,4,11,750
2007,4,12,570
2007,4,13,510
2007,4,14,690
2007,4,15,490
2007,4,16,420
2007,4,17,400
2007,4,18,280
2007,4,19,230
2007,4,20,200
2007,4,21,120
2007,4,22,100
2007,4,23,100
2007,4,24,110
2007,4,25,180
2007,4,26,170
2007,4,27,320
2007,4,28,880
2007,4,29,560
2007,4,30,460
2007,5,1,360
2007,5,2,380
2007,5,3,410
2007,5,4,340
2007,5,5,210
2007,5,6,150
2007,5,7,500
2007,5,8,80
2007,5,9,150
2007,5,10,760
2007,5,11,830
2007,5,12,840
2007,5,13,890
2007,5,14,860
2007,5,15,830
2007,5,16,270
2007,5,17,200
2007,5,18,40
2007,5,19,980
2007,5,20,0
2007,5,21,840
2007,5,22,680
2007,5,23,700
2007,5,24,660
2007,5,25,930
2007,5,26,70
2007,5,27,350
2007,5,28,50
2007,5,29,990
2007,5,30,190
2007,5,31,750
2007,6,1,150
2007,6,2,300
2007,6,3,560
2007,6,4,760
2007,6,5,220
2007,6,6,560
2007,6,7,140
2007,6,8,40
2007,6,9,70
2007,6,10,380
2007,6,11,260
2007,6,12,870
2007,6,13,780
2007,6,14,840
2007,6,15,740
2007,6,16,800
2007,6,17,720
2007,6,18,820
2007,6,19,740
2007,6,20,990
2007,6,21,150
2007,6,22,180
2007,6,23,840
2007,6,24,750
2007,6,25,710
2007,6,26,470
2007,6,27,570
2007,6,28,810
2007,6,29,240
2007,6,30,920
2007,7,1,700
2007,7,2,660
2007,7,3,710
2007,7,4,950
2007,7,5,120
2007,7,6,110
2007,7,7,930
2007,7,8,870
2007,7,9,860
2007,7,10,890
2007,7,11,980
2007,7,12,20
2007,7,13,0
2007,7,14,910
2007,7,15,790
2007,7,16,600
2007,7,17,500
2007,7,18,440
2007,7,19,430
2007,7,20,380
2007,7,21,730
2007,7,22,290
2007,7,23,90
2007,7,24,630
2007,7,25,400
2007,7,26,330
2007,7,27,310
2007,7,28,240
2007,7,29,180
2007,7,30,130
2007,7,31,40
2007,8,1,77
2007,8,2,64
2007,8,3,0
2007,8,4,45
2007,8,5,92
2007,8,6,98
2007,8,7,91
2007,8,8,67
2007,8,9,6
2007,8,10,50
2007,8,11,24
2007,8,12,34
2007,8,13,10
2007,8,14,98
2007,8,15,94
2007,8,16,29
2007,8,17,84
2007,8,18,85
2007,8,19,87
2007,8,20,47
2007,8,21,55
2007,8,22,63
2007,8,23,24
2007,8,24,11
2007,8,25,14
2007,8,26,98
2007,8,27,58
2007,8,28,42
2007,8,29,56
2007,8,30,65
2007,8,31,96
2007,9,1,44
2007,9,2,18
2007,9,3,27
2007,9,4,84
2007,9,5,22
2007,9,6,30
2007,9,7,84
2007,9,8,76
2007,9,9,54
2007,9,10,35
2007,9,11,68
2007,9,12,67
2007,9,13,56
2007,9,14,40
2007,9,15,40
2007,9,16,43
2007,9,17,76
2007,9,18,29
2007,9,19,16
2007,9,20,87
2007,9,21,9
2007,9,22,7
2007,9,23,77
2007,9,24,62
2007,9,25,2
2007,9,26,97
2007,9,27,83
2007,9,28,43
2007,9,29,81
2007,9,30,93
2007,10,1,79
2007,10,2,170
2007,10,3,75
2007,10,4,55
2007,10,5,55
2007,10,6,35
2007,10,7,410
2007,10,8,160
2007,10,9,97
2007,10,10,850
2007,10,11,20
2007,10,12,12
2007,10,13,27
2007,10,14,58
2007,10,15,32
2007,10,16,74
2007,10,17,55
2007,10,18,72
2007,10,19,460
2007,10,20,260
2007,10,21,50
2007,10,22,510
2007,10,23,570
2007,10,24,320
2007,10,25,50
2007,10,26,0
2007,10,27,31
2007,10,28,91
2007,10,29,65
2007,10,30,27
2007,10,31,45
2007,11,1,65
2007,11,2,20
2007,11,3,29
2007,11,4,97
2007,11,5,8
2007,11,6,74
2007,11,7,74
2007,11,8,91
2007,11,9,37
2007,11,10,60
2007,11,11,89
2007,11,12,480
2007,11,13,200
2007,11,14,87
2007,11,15,720
2007,11,16,470
2007,11,17,200
2007,11,18,770
2007,11,19,10
2007,11,20,84
2007,11,21,99
2007,11,22,45
2007,11,23,54
2007,11,24,23
2007,11,25,81
2007,11,26,63
2007,11,27,52
2007,11,28,16
2007,11,29,78
2007,11,30,42
2007,12,1,43
2007,12,2,57
2007,12,3,860
2007,12,4,840
2007,12,5,810
2007,12,6,490
2007,12,7,150
2007,12,8,550
2007,12,9,290
2007,12,10,0
2007,12,11,770
2007,12,12,500
2007,12,13,420
2007,12,14,320
2007,12,15,440
2007,12,16,330
2007,12,17,340
2007,12,18,190
2007,12,19,420
2007,12,20,350
2007,12,21,170
2007,12,22,240
2007,12,23,520
2007,12,24,630
2007,12,25,350
2007,12,26,210
2007,12,27,110
2007,12,28,60
2007,12,29,20
2007,12,30,91
2007,12,31,34
2008,1,1,48
2008,1,2,30
2008,1,3,90
2008,1,4,580
2008,1,5,440
2008,1,6,640
2008,1,7,280
2008,1,8,190
2008,1,9,70
2008,1,10,350
2008,1,11,0
2008,1,12,670
2008,1,13,460
2008,1,14,550
2008,1,15,580
2008,1,16,330
2008,1,17,230
2008,1,18,100
2008,1,19,30
2008,1,20,78
2008,1,21,84
2008,1,22,50
2008,1,23,96
2008,1,24,79
2008,1,25,39
2008,1,26,1
2008,1,27,8
2008,1,28,21
2008,1,29,87
2008,1,30,55
2008,1,31,39
2008,2,1,54
2008,2,2,97
2008,2,3,76
2008,2,4,47
2008,2,5,96
2008,2,6,22
2008,2,7,89
2008,2,8,93
2008,2,9,51
2008,2,10,48
2008,2,11,10
2008,2,12,83
2008,2,13,85
2008,2,14,7
2008,2,15,10
2008,2,16,66
2008,2,17,48
2008,2,18,7
2008,2,19,45
2008,2,20,53
2008,2,21,61
2008,2,22,52
2008,2,23,52
2008,2,24,46
2008,2,25,38
2008,2,26,37
2008,2,27,51
2008,2,28,90
2008,2,29,59
2008,3,1,42
2008,3,2,48
2008,3,3,11
2008,3,4,68
2008,3,5,13
2008,3,6,73
2008,3,7,73
2008,3,8,73
2008,3,9,73
2008,3,10,72
2008,3,11,570
2008,3,12,310
2008,3,13,140
2008,3,14,30
2008,3,15,77
2008,3,16,5
2008,3,17,40
2008,3,18,4
2008,3,19,72
2008,3,20,39
2008,3,21,14
2008,3,22,60
2008,3,23,5
2008,3,24,38
2008,3,25,79
2008,3,26,84
2008,3,27,33
2008,3,28,16
2008,3,29,1
2008,3,30,64
2008,3,31,44
2008,4,1,35
2008,4,2,11
2008,4,3,22
2008,4,4,98
2008,4,5,4
2008,4,6,86
2008,4,7,3
2008,4,8,74
2008,4,9,70
2008,4,10,63
2008,4,11,60
2008,4,12,11
2008,4,13,1
2008,4,14,53
2008,4,15,60
2008,4,16,96
2008,4,17,90
2008,4,18,6
2008,4,19,92
2008,4,20,73
2008,4,21,23
2008,4,22,14
2008,4,23,2
2008,4,24,74
2008,4,25,48
2008,4,26,52
2008,4,27,84
2008,4,28,99
2008,4,29,200
2008,4,30,20
2008,5,1,98
2008,5,2,67
2008,5,3,75
2008,5,4,79
2008,5,5,200
2008,5,6,360
2008,5,7,470
2008,5,8,430
2008,5,9,320
2008,5,10,340
2008,5,11,340
2008,5,12,290
2008,5,13,270
2008,5,14,110
2008,5,15,270
2008,5,16,850
2008,5,17,770
2008,5,18,370
2008,5,19,670
2008,5,20,310
2008,5,21,190
2008,5,22,400
2008,5,23,980
2008,5,24,980
2008,5,25,530
2008,5,26,110
2008,5,27,110
2008,5,28,120
2008,5,29,110
2008,5,30,540
2008,5,31,280
2008,6,1,120
2008,6,2,50
2008,6,3,960
2008,6,4,900
2008,6,5,630
2008,6,6,560
2008,6,7,310
2008,6,8,300
2008,6,9,340
2008,6,10,380
2008,6,11,160
2008,6,12,250
2008,6,13,620
2008,6,14,770
2008,6,15,450
2008,6,16,490
2008,6,17,570
2008,6,18,270
2008,6,19,140
2008,6,20,140
2008,6,21,560
2008,6,22,640
2008,6,23,480
2008,6,24,220
2008,6,25,280
2008,6,26,300
2008,6,27,340
2008,6,28,60
2008,6,29,680
2008,6,30,10
2008,7,1,0
2008,7,2,540
2008,7,3,350
2008,7,4,970
2008,7,5,690
2008,7,6,540
2008,7,7,180
2008,7,8,110
2008,7,9,180
2008,7,10,60
2008,7,11,730
2008,7,12,630
2008,7,13,700
2008,7,14,670
2008,7,15,510
2008,7,16,500
2008,7,17,400
2008,7,18,360
2008,7,19,310
2008,7,20,260
2008,7,21,270
2008,7,22,270
2008,7,23,180
2008,7,24,110
2008,7,25,70
2008,7,26,60
2008,7,27,30
2008,7,28,20
2008,7,29,61
2008,7,30,40
2008,7,31,15
2008,8,1,110
2008,8,2,31
2008,8,3,48
2008,8,4,25
2008,8,5,47
2008,8,6,79
2008,8,7,16
2008,8,8,84
2008,8,9,37
2008,8,10,70
2008,8,11,51
2008,8,12,73
2008,8,13,33
2008,8,14,48
2008,8,15,93
2008,8,16,91
2008,8,17,83
2008,8,18,94
2008,8,19,11
2008,8,20,72
2008,8,21,90
2008,8,22,92
2008,8,23,87
2008,8,24,34
2008,8,25,42
2008,8,26,10
2008,8,27,41
2008,8,28,77
2008,8,29,84
2008,8,30,5
2008,8,31,46
2008,9,1,95
2008,9,2,59
2008,9,3,43
2008,9,4,32
2008,9,5,14
2008,9,6,38
2008,9,7,11
2008,9,8,81
2008,9,9,83
2008,9,10,64
2008,9,11,50
2008,9,12,53
2008,9,13,44
2008,9,14,7
2008,9,15,8
2008,9,16,8
2008,9,17,8
2008,9,18,7
2008,9,19,23
2008,9,20,78
2008,9,21,74
2008,9,22,77
2008,9,23,50
2008,9,24,72
2008,9,25,72
2008,9,26,96
2008,9,27,67
2008,9,28,69
2008,9,29,31
2008,9,30,47
2008,10,1,35
2008,10,2,65
2008,10,3,23
2008,10,4,180
2008,10,5,60
2008,10,6,19
2008,10,7,380
2008,10,8,78
2008,10,9,69
2008,10,10,86
2008,10,11,9
2008,10,12,8
2008,10,13,92
2008,10,14,49
2008,10,15,37
2008,10,16,74
2008,10,17,7
2008,10,18,76
2008,10,19,95
2008,10,20,20
2008,10,21,60
2008,10,22,83
2008,10,23,4
2008,10,24,52
2008,10,25,56
2008,10,26,15
2008,10,27,16
2008,10,28,99
2008,10,29,84
2008,10,30,75
2008,10,31,47
2008,11,1,39
2008,11,2,190
2008,11,3,120
2008,11,4,76
2008,11,5,73
2008,11,6,130
2008,11,7,320
2008,11,8,920
2008,11,9,920
2008,11,10,620
2008,11,11,340
2008,11,12,600
2008,11,13,350
2008,11,14,930
2008,11,15,450
2008,11,16,10
2008,11,17,760
2008,11,18,560
2008,11,19,390
2008,11,20,450
2008,11,21,360
2008,11,22,320
2008,11,23,190
2008,11,24,120
2008,11,25,60
2008,11,26,96
2008,11,27,66
2008,11,28,10
2008,11,29,140
2008,11,30,180
2008,12,1,97
2008,12,2,80
2008,12,3,14
2008,12,4,48
2008,12,5,10
2008,12,6,92
2008,12,7,99
2008,12,8,7
2008,12,9,83
2008,12,10,17
2008,12,11,7
2008,12,12,31
2008,12,13,4
2008,12,14,58
2008,12,15,83
2008,12,16,59
2008,12,17,89
2008,12,18,76
2008,12,19,26
2008,12,20,17
2008,12,21,33
2008,12,22,74
2008,12,23,94
2008,12,24,16
2008,12,25,96
2008,12,26,82
2008,12,27,45
2008,12,28,24
2008,12,29,93
2008,12,30,46
2008,12,31,36
2009,1,1,38
2009,1,2,32
2009,1,3,25
2009,1,4,24
2009,1,5,22
2009,1,6,46
2009,1,7,950
2009,1,8,190
2009,1,9,740
2009,1,10,530
2009,1,11,360
2009,1,12,240
2009,1,13,90
2009,1,14,850
2009,1,15,750
2009,1,16,810
2009,1,17,890
2009,1,18,970
2009,1,19,40
2009,1,20,970
2009,1,21,790
2009,1,22,650
2009,1,23,530
2009,1,24,420
2009,1,25,310
2009,1,26,210
2009,1,27,180
2009,1,28,110
2009,1,29,50
2009,1,30,95
2009,1,31,74
2009,2,1,12
2009,2,2,13
2009,2,3,86
2009,2,4,58
2009,2,5,51
2009,2,6,48
2009,2,7,12
2009,2,8,97
2009,2,9,70
2009,2,10,25
2009,2,11,22
2009,2,12,94
2009,2,13,74
2009,2,14,63
2009,2,15,42
2009,2,16,21
2009,2,17,21
2009,2,18,0
2009,2,19,77
2009,2,20,65
2009,2,21,71
2009,2,22,90
2009,2,23,41
2009,2,24,57
2009,2,25,73
2009,2,26,78
2009,2,27,37
2009,2,28,14
2009,3,1,37
2009,3,2,800
2009,3,3,430
2009,3,4,150
2009,3,5,40
2009,3,6,13
2009,3,7,77
2009,3,8,28
2009,3,9,70
2009,3,10,36
2009,3,11,4
2009,3,12,82
2009,3,13,67
2009,3,14,8
2009,3,15,10
2009,3,16,7
2009,3,17,6
2009,3,18,72
2009,3,19,62
2009,3,20,47
2009,3,21,44
2009,3,22,85
2009,3,23,20
2009,3,24,97
2009,3,25,82
2009,3,26,47
2009,3,27,39
2009,3,28,60
2009,3,29,3
2009,3,30,1
2009,3,31,37
2009,4,1,13
2009,4,2,88
2009,4,3,56
2009,4,4,9
2009,4,5,99
2009,4,6,30
2009,4,7,27
2009,4,8,34
2009,4,9,48
2009,4,10,89
2009,4,11,66
2009,4,12,200
2009,4,13,530
2009,4,14,160
2009,4,15,20
2009,4,16,48
2009,4,17,54
2009,4,18,16
2009,4,19,84
2009,4,20,40
2009,4,21,290
2009,4,22,510
2009,4,23,270
2009,4,24,120
2009,4,25,50
2009,4,26,91
2009,4,27,60
2009,4,28,56
2009,4,29,92
2009,4,30,55
2009,5,1,29
2009,5,2,7
2009,5,3,150
2009,5,4,60
2009,5,5,0
2009,5,6,970
2009,5,7,960
2009,5,8,640
2009,5,9,440
2009,5,10,400
2009,5,11,430
2009,5,12,500
2009,5,13,310
2009,5,14,320
2009,5,15,260
2009,5,16,280
2009,5,17,740
2009,5,18,190
2009,5,19,980
2009,5,20,620
2009,5,21,530
2009,5,22,530
2009,5,23,700
2009,5,24,910
2009,5,25,0
2009,5,26,80
2009,5,27,60
2009,5,28,890
2009,5,29,350
2009,5,30,660
2009,5,31,510
2009,6,1,530
2009,6,2,720
2009,6,3,800
2009,6,4,760
2009,6,5,760
2009,6,6,700
2009,6,7,330
2009,6,8,70
2009,6,9,0
2009,6,10,950
2009,6,11,970
2009,6,12,960
2009,6,13,30
2009,6,14,20
2009,6,15,910
2009,6,16,790
2009,6,17,680
2009,6,18,660
2009,6,19,580
2009,6,20,510
2009,6,21,290
2009,6,22,220
2009,6,23,160
2009,6,24,220
2009,6,25,390
2009,6,26,200
2009,6,27,110
2009,6,28,120
2009,6,29,70
2009,6,30,20
2009,7,1,69
2009,7,2,30
2009,7,3,85
2009,7,4,50
2009,7,5,30
2009,7,6,63
2009,7,7,85
2009,7,8,24
2009,7,9,17
2009,7,10,1
2009,7,11,5
2009,7,12,46
2009,7,13,86
2009,7,14,76
2009,7,15,32
2009,7,16,52
2009,7,17,67
2009,7,18,46
2009,7,19,2
2009,7,20,62
2009,7,21,56
2009,7,22,80
2009,7,23,85
2009,7,24,57
2009,7,25,47
2009,7,26,68
2009,7,27,70
2009,7,28,68
2009,7,29,47
2009,7,30,50
2009,7,31,17
2009,8,1,76
2009,8,2,47
2009,8,3,43
2009,8,4,44
2009,8,5,4
2009,8,6,72
2009,8,7,79
2009,8,8,63
2009,8,9,61
2009,8,10,3
2009,8,11,90
2009,8,12,68
2009,8,13,54
2009,8,14,33
2009,8,15,19
2009,8,16,17
2009,8,17,14
2009,8,18,6
2009,8,19,25
2009,8,20,40
2009,8,21,32
2009,8,22,75
2009,8,23,90
2009,8,24,64
2009,8,25,61
2009,8,26,57
2009,8,27,44
2009,8,28,41
2009,8,29,45
2009,8,30,64
2009,8,31,61
2009,9,1,45
2009,9,2,54
2009,9,3,49
2009,9,4,61
2009,9,5,50
2009,9,6,42
2009,9,7,74
2009,9,8,72
2009,9,9,95
2009,9,10,63
2009,9,11,42
2009,9,12,19
2009,9,13,19
2009,9,14,93
2009,9,15,89
2009,9,16,0
2009,9,17,94
2009,9,18,89
2009,9,19,45
2009,9,20,99
2009,9,21,84
2009,9,22,68
2009,9,23,88
2009,9,24,60
2009,9,25,40
2009,9,26,13
2009,9,27,69
2009,9,28,62
2009,9,29,55
2009,9,30,50
2009,10,1,46
2009,10,2,45
2009,10,3,42
2009,10,4,37
2009,10,5,31
2009,10,6,25
2009,10,7,22
2009,10,8,16
2009,10,9,10
2009,10,10,6
2009,10,11,98
2009,10,12,90
2009,10,13,83
2009,10,14,88
2009,10,15,43
2009,10,16,82
2009,10,17,650
2009,10,18,30
2009,10,19,80
2009,10,20,34
2009,10,21,44
2009,10,22,20
2009,10,23,580
2009,10,24,110
2009,10,25,34
2009,10,26,50
2009,10,27,390
2009,10,28,30
2009,10,29,230
2009,10,30,970
2009,10,31,770
2009,11,1,850
2009,11,2,420
2009,11,3,240
2009,11,4,100
2009,11,5,500
2009,11,6,620
2009,11,7,670
2009,11,8,130
2009,11,9,730
2009,11,10,730
2009,11,11,360
2009,11,12,880
2009,11,13,690
2009,11,14,470
2009,11,15,850
2009,11,16,630
2009,11,17,150
2009,11,18,350
2009,11,19,90
2009,11,20,860
2009,11,21,530
2009,11,22,400
2009,11,23,550
2009,11,24,590
2009,11,25,250
2009,11,26,810
2009,11,27,530
2009,11,28,540
2009,11,29,120
2009,11,30,860
2009,12,1,550
2009,12,2,290
2009,12,3,70
2009,12,4,890
2009,12,5,740
2009,12,6,610
2009,12,7,500
2009,12,8,400
2009,12,9,310
2009,12,10,260
2009,12,11,220
2009,12,12,160
2009,12,13,110
2009,12,14,60
2009,12,15,140
2009,12,16,860
2009,12,17,90
2009,12,18,720
2009,12,19,860
2009,12,20,190
2009,12,21,480
2009,12,22,470
2009,12,23,610
2009,12,24,220
2009,12,25,960
2009,12,26,780
2009,12,27,630
2009,12,28,480
2009,12,29,420
2009,12,30,320
2009,12,31,300
2010,1,1,280
2010,1,2,870
2010,1,3,120
2010,1,4,300
2010,1,5,450
2010,1,6,250
2010,1,7,40
2010,1,8,610
2010,1,9,670
2010,1,10,870
2010,1,11,980
2010,1,12,260
2010,1,13,960
2010,1,14,660
2010,1,15,680
2010,1,16,270
2010,1,17,750
2010,1,18,10
2010,1,19,140
2010,1,20,590
2010,1,21,60
2010,1,22,650
2010,1,23,350
2010,1,24,230
2010,1,25,590
2010,1,26,990
2010,1,27,750
2010,1,28,320
2010,1,29,140
2010,1,30,490
2010,1,31,390
2010,2,1,330
2010,2,2,270
2010,2,3,200
2010,2,4,160
2010,2,5,140
2010,2,6,80
2010,2,7,40
2010,2,8,10
2010,2,9,51
2010,2,10,27
2010,2,11,40
2010,2,12,430
2010,2,13,590
2010,2,14,950
2010,2,15,140
2010,2,16,210
2010,2,17,860
2010,2,18,660
2010,2,19,530
2010,2,20,390
2010,2,21,290
2010,2,22,200
2010,2,23,150
2010,2,24,140
2010,2,25,170
2010,2,26,250
2010,2,27,310
2010,2,28,200
2010,3,1,110
2010,3,2,90
2010,3,3,90
2010,3,4,10
2010,3,5,57
2010,3,6,37
2010,3,7,14
2010,3,8,85
2010,3,9,32
2010,3,10,37
2010,3,11,98
2010,3,12,7
2010,3,13,4
2010,3,14,26
2010,3,15,29
2010,3,16,0
2010,3,17,210
2010,3,18,10
2010,3,19,9
2010,3,20,6
2010,3,21,59
2010,3,22,88
2010,3,23,15
2010,3,24,51
2010,3,25,29
2010,3,26,47
2010,3,27,10
2010,3,28,73
2010,3,29,0
2010,3,30,580
2010,3,31,300
2010,4,1,210
2010,4,2,220
2010,4,3,350
2010,4,4,160
2010,4,5,120
2010,4,6,30
2010,4,7,79
2010,4,8,110
2010,4,9,97
2010,4,10,37
2010,4,11,96
2010,4,12,93
2010,4,13,61
2010,4,14,23
2010,4,15,39
2010,4,16,71
2010,4,17,250
2010,4,18,830
2010,4,19,810
2010,4,20,330
2010,4,21,140
2010,4,22,810
2010,4,23,640
2010,4,24,510
2010,4,25,390
2010,4,26,340
2010,4,27,80
2010,4,28,770
2010,4,29,560
2010,4,30,430
2010,5,1,360
2010,5,2,330
2010,5,3,810
2010,5,4,550
2010,5,5,420
2010,5,6,290
2010,5,7,210
2010,5,8,210
2010,5,9,170
2010,5,10,210
2010,5,11,140
2010,5,12,230
2010,5,13,330
2010,5,14,460
2010,5,15,740
2010,5,16,810
2010,5,17,940
2010,5,18,180
2010,5,19,360
2010,5,20,580
2010,5,21,0
2010,5,22,750
2010,5,23,620
2010,5,24,520
2010,5,25,530
2010,5,26,670
2010,5,27,850
2010,5,28,900
2010,5,29,10
2010,5,30,910
2010,5,31,60
2010,6,1,290
2010,6,2,650
2010,6,3,840
2010,6,4,270
2010,6,5,10
2010,6,6,100
2010,6,7,220
2010,6,8,300
2010,6,9,340
2010,6,10,360
2010,6,11,220
2010,6,12,260
2010,6,13,580
2010,6,14,550
2010,6,15,250
2010,6,16,10
2010,6,17,990
2010,6,18,0
2010,6,19,30
2010,6,20,220
2010,6,21,380
2010,6,22,330
2010,6,23,450
2010,6,24,670
2010,6,25,650
2010,6,26,570
2010,6,27,510
2010,6,28,560
2010,6,29,440
2010,6,30,50
2010,7,1,940
2010,7,2,810
2010,7,3,840
2010,7,4,810
2010,7,5,820
2010,7,6,790
2010,7,7,990
2010,7,8,350
2010,7,9,590
2010,7,10,740
2010,7,11,830
2010,7,12,550
2010,7,13,10
2010,7,14,840
2010,7,15,910
2010,7,16,20
2010,7,17,890
2010,7,18,860
2010,7,19,820
2010,7,20,730
2010,7,21,760
2010,7,22,810
2010,7,23,720
2010,7,24,610
2010,7,25,690
2010,7,26,660
2010,7,27,630
2010,7,28,570
2010,7,29,420
2010,7,30,360
2010,7,31,350
2010,8,1,300
2010,8,2,250
2010,8,3,220
2010,8,4,190
2010,8,5,210
2010,8,6,240
2010,8,7,180
2010,8,8,100
2010,8,9,30
2010,8,10,29
2010,8,11,2
2010,8,12,6
2010,8,13,41
2010,8,14,13
2010,8,15,91
2010,8,16,85
2010,8,17,4
2010,8,18,61
2010,8,19,90
2010,8,20,13
2010,8,21,70
2010,8,22,59
2010,8,23,22
2010,8,24,8
2010,8,25,28
2010,8,26,77
2010,8,27,36
2010,8,28,65
2010,8,29,39
2010,8,30,22
2010,8,31,53
2010,9,1,51
2010,9,2,79
2010,9,3,36
2010,9,4,31
2010,9,5,1
2010,9,6,92
2010,9,7,58
2010,9,8,46
2010,9,9,29
2010,9,10,28
2010,9,11,27
2010,9,12,45
2010,9,13,0
2010,9,14,31
2010,9,15,64
2010,9,16,82
2010,9,17,48
2010,9,18,27
2010,9,19,75
2010,9,20,190
2010,9,21,97
2010,9,22,89
2010,9,23,62
2010,9,24,75
2010,9,25,39
2010,9,26,370
2010,9,27,10
2010,9,28,170
2010,9,29,58
2010,9,30,81
2010,10,1,9
2010,10,2,83
2010,10,3,56
2010,10,4,94
2010,10,5,1
2010,10,6,70
2010,10,7,53
2010,10,8,53
2010,10,9,61
2010,10,10,430
2010,10,11,30
2010,10,12,75
2010,10,13,61
2010,10,14,21
2010,10,15,15
2010,10,16,11
2010,10,17,94
2010,10,18,94
2010,10,19,92
2010,10,20,23
2010,10,21,26
2010,10,22,79
2010,10,23,64
2010,10,24,770
2010,10,25,930
2010,10,26,680
2010,10,27,930
2010,10,28,530
2010,10,29,260
2010,10,30,40
2010,10,31,340
2010,11,1,970
2010,11,2,330
2010,11,3,200
2010,11,4,10
2010,11,5,890
2010,11,6,690
2010,11,7,150
2010,11,8,670
2010,11,9,440
2010,11,10,310
2010,11,11,140
2010,11,12,140
2010,11,13,80
2010,11,14,260
2010,11,15,390
2010,11,16,750
2010,11,17,690
2010,11,18,540
2010,11,19,250
2010,11,20,120
2010,11,21,47
2010,11,22,40
2010,11,23,30
2010,11,24,78
2010,11,25,63
2010,11,26,49
2010,11,27,68
2010,11,28,71
2010,11,29,46
2010,11,30,380
2010,12,1,460
2010,12,2,160
2010,12,3,20
2010,12,4,28
2010,12,5,66
2010,12,6,35
2010,12,7,60
2010,12,8,990
2010,12,9,680
2010,12,10,70
2010,12,11,490
2010,12,12,430
2010,12,13,990
2010,12,14,520
2010,12,15,930
2010,12,16,130
2010,12,17,640
2010,12,18,340
2010,12,19,90
2010,12,20,850
2010,12,21,760
2010,12,22,710
2010,12,23,580
2010,12,24,940
2010,12,25,130
2010,12,26,230
2010,12,27,600
2010,12,28,370
2010,12,29,30
2010,12,30,800
2010,12,31,650
2011,1,1,500
2011,1,2,410
2011,1,3,310
2011,1,4,250
2011,1,5,270
2011,1,6,710
2011,1,7,110
2011,1,8,910
2011,1,9,610
2011,1,10,460
2011,1,11,330
2011,1,12,850
2011,1,13,780
2011,1,14,230
2011,1,15,20
2011,1,16,460
2011,1,17,260
2011,1,18,440
2011,1,19,380
2011,1,20,890
2011,1,21,50
2011,1,22,730
2011,1,23,450
2011,1,24,720
2011,1,25,360
2011,1,26,220
2011,1,27,70
2011,1,28,30
2011,1,29,0
2011,1,30,870
2011,1,31,710
2011,2,1,590
2011,2,2,470
2011,2,3,570
2011,2,4,390
2011,2,5,130
2011,2,6,850
2011,2,7,850
2011,2,8,620
2011,2,9,530
2011,2,10,410
2011,2,11,340
2011,2,12,670
2011,2,13,830
2011,2,14,430
2011,2,15,560
2011,2,16,110
2011,2,17,770
2011,2,18,620
2011,2,19,440
2011,2,20,310
2011,2,21,270
2011,2,22,200
2011,2,23,160
2011,2,24,80
2011,2,25,20
2011,2,26,76
2011,2,27,90
2011,2,28,10
2011,3,1,98
2011,3,2,80
2011,3,3,90
2011,3,4,43
2011,3,5,30
2011,3,6,29
2011,3,7,88
2011,3,8,49
2011,3,9,270
2011,3,10,140
2011,3,11,920
2011,3,12,780
2011,3,13,250
2011,3,14,390
2011,3,15,360
2011,3,16,440
2011,3,17,540
2011,3,18,100
2011,3,19,770
2011,3,20,560
2011,3,21,480
2011,3,22,290
2011,3,23,230
2011,3,24,170
2011,3,25,190
2011,3,26,120
2011,3,27,60
2011,3,28,30
2011,3,29,0
2011,3,30,340
2011,3,31,820
2011,4,1,550
2011,4,2,160
2011,4,3,840
2011,4,4,690
2011,4,5,640
2011,4,6,560
2011,4,7,410
2011,4,8,290
2011,4,9,230
2011,4,10,230
2011,4,11,580
2011,4,12,340
2011,4,13,240
2011,4,14,250
2011,4,15,160
2011,4,16,140
2011,4,17,80
2011,4,18,20
2011,4,19,52
2011,4,20,42
2011,4,21,3
2011,4,22,57
2011,4,23,120
2011,4,24,140
2011,4,25,130
2011,4,26,100
2011,4,27,65
2011,4,28,83
2011,4,29,3
2011,4,30,72
2011,5,1,65
2011,5,2,26
2011,5,3,48
2011,5,4,39
2011,5,5,20
2011,5,6,160
2011,5,7,180
2011,5,8,170
2011,5,9,130
2011,5,10,260
2011,5,11,560
2011,5,12,630
2011,5,13,460
2011,5,14,450
2011,5,15,820
2011,5,16,820
2011,5,17,230
2011,5,18,30
2011,5,19,880
2011,5,20,0
2011,5,21,230
2011,5,22,210
2011,5,23,150
2011,5,24,10
2011,5,25,50
2011,5,26,140
2011,5,27,20
2011,5,28,880
2011,5,29,810
2011,5,30,910
2011,5,31,960
2011,6,1,930
2011,6,2,50
2011,6,3,40
2011,6,4,50
2011,6,5,290
2011,6,6,780
2011,6,7,60
2011,6,8,760
2011,6,9,350
2011,6,10,20
2011,6,11,480
2011,6,12,110
2011,6,13,970
2011,6,14,990
2011,6,15,830
2011,6,16,640
2011,6,17,550
2011,6,18,650
2011,6,19,890
2011,6,20,980
2011,6,21,0
2011,6,22,220
2011,6,23,460
2011,6,24,170
2011,6,25,860
2011,6,26,660
2011,6,27,650
2011,6,28,80
2011,6,29,500
2011,6,30,370
2011,7,1,980
2011,7,2,770
2011,7,3,960
2011,7,4,80
2011,7,5,980
2011,7,6,220
2011,7,7,700
2011,7,8,440
2011,7,9,950
2011,7,10,660
2011,7,11,560
2011,7,12,610
2011,7,13,710
2011,7,14,630
2011,7,15,450
2011,7,16,500
2011,7,17,690
2011,7,18,480
2011,7,19,370
2011,7,20,340
2011,7,21,380
2011,7,22,550
2011,7,23,170
2011,7,24,160
2011,7,25,500
2011,7,26,390
2011,7,27,130
2011,7,28,40
2011,7,29,130
2011,7,30,130
2011,7,31,200
2011,8,1,110
2011,8,2,910
2011,8,3,880
2011,8,4,890
2011,8,5,900
2011,8,6,880
2011,8,7,810
2011,8,8,710
2011,8,9,640
2011,8,10,560
2011,8,11,440
2011,8,12,410
2011,8,13,390
2011,8,14,340
2011,8,15,260
2011,8,16,200
2011,8,17,150
2011,8,18,130
2011,8,19,110
2011,8,20,70
2011,8,21,70
2011,8,22,210
2011,8,23,440
2011,8,24,200
2011,8,25,170
2011,8,26,120
2011,8,27,50
2011,8,28,40
2011,8,29,30
2011,8,30,82
2011,8,31,93
2011,9,1,21
2011,9,2,80
2011,9,3,49
2011,9,4,25
2011,9,5,33
2011,9,6,11
2011,9,7,57
2011,9,8,21
2011,9,9,52
2011,9,10,43
2011,9,11,17
2011,9,12,34
2011,9,13,1
2011,9,14,57
2011,9,15,21
2011,9,16,8
2011,9,17,72
2011,9,18,90
2011,9,19,14
2011,9,20,59
2011,9,21,26
2011,9,22,4
2011,9,23,94
2011,9,24,81
2011,9,25,85
2011,9,26,670
2011,9,27,420
2011,9,28,300
2011,9,29,89
2011,9,30,43
2011,10,1,72
2011,10,2,24
2011,10,3,59
2011,10,4,0
2011,10,5,170
2011,10,6,58
2011,10,7,26
2011,10,8,49
2011,10,9,9
2011,10,10,60
2011,10,11,930
2011,10,12,360
2011,10,13,530
2011,10,14,250
2011,10,15,30
2011,10,16,25
2011,10,17,11
2011,10,18,63
2011,10,19,83
2011,10,20,78
2011,10,21,31
2011,10,22,100
2011,10,23,250
2011,10,24,10
2011,10,25,82
2011,10,26,92
2011,10,27,41
2011,10,28,31
2011,10,29,77
2011,10,30,40
2011,10,31,25
2011,11,1,97
2011,11,2,34
2011,11,3,38
2011,11,4,91
2011,11,5,50
2011,11,6,19
2011,11,7,94
2011,11,8,83
2011,11,9,72
2011,11,10,95
2011,11,11,93
2011,11,12,91
2011,11,13,57
2011,11,14,5
2011,11,15,48
2011,11,16,18
2011,11,17,130
2011,11,18,54
2011,11,19,91
2011,11,20,9
2011,11,21,0
2011,11,22,150
2011,11,23,790
2011,11,24,470
2011,11,25,440
2011,11,26,990
2011,11,27,810
2011,11,28,520
2011,11,29,0
2011,11,30,420
2011,12,1,10
2011,12,2,770
2011,12,3,580
2011,12,4,440
2011,12,5,330
2011,12,6,230
2011,12,7,170
2011,12,8,100
2011,12,9,40
2011,12,10,10
2011,12,11,62
2011,12,12,12
2011,12,13,72
2011,12,14,49
2011,12,15,19
2011,12,16,90
2011,12,17,73
2011,12,18,93
2011,12,19,67
2011,12,20,32
2011,12,21,15
2011,12,22,82
2011,12,23,71
2011,12,24,84
2011,12,25,30
2011,12,26,38
2011,12,27,91
2011,12,28,590
2011,12,29,300
2011,12,30,140
2011,12,31,330
2012,1,1,900
2012,1,2,810
2012,1,3,360
2012,1,4,260
2012,1,5,610
2012,1,6,90
2012,1,7,540
2012,1,8,260
2012,1,9,10
2012,1,10,770
2012,1,11,630
2012,1,12,560
2012,1,13,410
2012,1,14,430
2012,1,15,330
2012,1,16,190
2012,1,17,190
2012,1,18,160
2012,1,19,60
2012,1,20,130
2012,1,21,310
2012,1,22,880
2012,1,23,720
2012,1,24,670
2012,1,25,940
2012,1,26,470
2012,1,27,970
2012,1,28,710
2012,1,29,700
2012,1,30,130
2012,1,31,450
2012,2,1,180
2012,2,2,900
2012,2,3,740
2012,2,4,640
2012,2,5,520
2012,2,6,430
2012,2,7,370
2012,2,8,340
2012,2,9,470
2012,2,10,900
2012,2,11,900
2012,2,12,750
2012,2,13,600
2012,2,14,470
2012,2,15,340
2012,2,16,310
2012,2,17,250
2012,2,18,570
2012,2,19,400
2012,2,20,240
2012,2,21,460
2012,2,22,290
2012,2,23,960
2012,2,24,780
2012,2,25,750
2012,2,26,530
2012,2,27,450
2012,2,28,390
2012,2,29,360
2012,3,1,280
2012,3,2,150
2012,3,3,210
2012,3,4,120
2012,3,5,160
2012,3,6,120
2012,3,7,40
2012,3,8,94
2012,3,9,95
2012,3,10,90
2012,3,11,100
2012,3,12,150
2012,3,13,150
2012,3,14,50
2012,3,15,770
2012,3,16,150
2012,3,17,740
2012,3,18,500
2012,3,19,590
2012,3,20,370
2012,3,21,310
2012,3,22,270
2012,3,23,120
2012,3,24,90
2012,3,25,70
2012,3,26,60
2012,3,27,130
2012,3,28,450
2012,3,29,920
2012,3,30,900
2012,3,31,670
2012,4,1,490
2012,4,2,350
2012,4,3,370
2012,4,4,350
2012,4,5,240
2012,4,6,160
2012,4,7,90
2012,4,8,30
2012,4,9,20
2012,4,10,110
2012,4,11,240
2012,4,12,320
2012,4,13,370
2012,4,14,280
2012,4,15,250
2012,4,16,400
2012,4,17,520
2012,4,18,370
2012,4,19,310
2012,4,20,950
2012,4,21,880
2012,4,22,920
2012,4,23,600
2012,4,24,200
2012,4,25,610
2012,4,26,470
2012,4,27,310
2012,4,28,670
2012,4,29,420
2012,4,30,510
2012,5,1,470
2012,5,2,170
2012,5,3,980
2012,5,4,840
2012,5,5,700
2012,5,6,600
2012,5,7,620
2012,5,8,850
2012,5,9,970
2012,5,10,820
2012,5,11,680
2012,5,12,650
2012,5,13,830
2012,5,14,260
2012,5,15,880
2012,5,16,140
2012,5,17,910
2012,5,18,570
2012,5,19,310
2012,5,20,240
2012,5,21,770
2012,5,22,610
2012,5,23,900
2012,5,24,550
2012,5,25,290
2012,5,26,300
2012,5,27,460
2012,5,28,460
2012,5,29,340
2012,5,30,150
2012,5,31,370
2012,6,1,480
2012,6,2,620
2012,6,3,910
2012,6,4,500
2012,6,5,260
2012,6,6,110
2012,6,7,290
2012,6,8,490
2012,6,9,160
2012,6,10,70
2012,6,11,90
2012,6,12,480
2012,6,13,720
2012,6,14,550
2012,6,15,310
2012,6,16,730
2012,6,17,730
2012,6,18,50
2012,6,19,600
2012,6,20,350
2012,6,21,450
2012,6,22,620
2012,6,23,620
2012,6,24,590
2012,6,25,290
2012,6,26,210
2012,6,27,30
2012,6,28,20
2012,6,29,280
2012,6,30,630
2012,7,1,710
2012,7,2,650
2012,7,3,570
2012,7,4,420
2012,7,5,330
2012,7,6,180
2012,7,7,320
2012,7,8,460
2012,7,9,860
2012,7,10,80
2012,7,11,790
2012,7,12,830
2012,7,13,50
2012,7,14,800
2012,7,15,940
2012,7,16,520
2012,7,17,530
2012,7,18,500
2012,7,19,300
2012,7,20,340
2012,7,21,130
2012,7,22,900
2012,7,23,710
2012,7,24,630
2012,7,25,630
2012,7,26,710
2012,7,27,740
2012,7,28,620
2012,7,29,580
2012,7,30,460
2012,7,31,440
2012,8,1,300
2012,8,2,280
2012,8,3,260
2012,8,4,250
2012,8,5,360
2012,8,6,430
2012,8,7,320
2012,8,8,240
2012,8,9,100
2012,8,10,30
2012,8,11,70
2012,8,12,22
2012,8,13,2
2012,8,14,5
2012,8,15,57
2012,8,16,5
2012,8,17,7
2012,8,18,92
2012,8,19,63
2012,8,20,5
2012,8,21,40
2012,8,22,87
2012,8,23,52
2012,8,24,17
2012,8,25,90
2012,8,26,78
2012,8,27,99
2012,8,28,74
2012,8,29,63
2012,8,30,44
2012,8,31,24
2012,9,1,3
2012,9,2,86
2012,9,3,76
2012,9,4,70
2012,9,5,66
2012,9,6,70
2012,9,7,73
2012,9,8,73
2012,9,9,72
2012,9,10,92
2012,9,11,58
2012,9,12,24
2012,9,13,3
2012,9,14,93
2012,9,15,41
2012,9,16,91
2012,9,17,78
2012,9,18,85
2012,9,19,86
2012,9,20,80
2012,9,21,0
2012,9,22,94
2012,9,23,81
2012,9,24,83
2012,9,25,58
2012,9,26,46
2012,9,27,33
2012,9,28,27
2012,9,29,37
2012,9,30,32
2012,10,1,21
2012,10,2,27
2012,10,3,16
2012,10,4,1
2012,10,5,91
2012,10,6,83
2012,10,7,77
2012,10,8,8
2012,10,9,89
2012,10,10,75
2012,10,11,70
2012,10,12,63
2012,10,13,31
2012,10,14,330
2012,10,15,380
2012,10,16,770
2012,10,17,36
2012,10,18,15
2012,10,19,190
2012,10,20,180
2012,10,21,75
2012,10,22,27
2012,10,23,40
2012,10,24,96
2012,10,25,49
2012,10,26,22
2012,10,27,92
2012,10,28,160
2012,10,29,230
2012,10,30,470
2012,10,31,670
2012,11,1,570
2012,11,2,750
2012,11,3,320
2012,11,4,300
2012,11,5,530
2012,11,6,290
2012,11,7,300
2012,11,8,210
2012,11,9,180
2012,11,10,170
2012,11,11,240
2012,11,12,540
2012,11,13,490
2012,11,14,560
2012,11,15,520
2012,11,16,570
2012,11,17,590
2012,11,18,560
2012,11,19,110
2012,11,20,460
2012,11,21,180
2012,11,22,880
2012,11,23,360
2012,11,24,720
2012,11,25,20
2012,11,26,810
2012,11,27,810
2012,11,28,930
2012,11,29,210
2012,11,30,0
2012,12,1,770
2012,12,2,900
2012,12,3,130
2012,12,4,590
2012,12,5,290
2012,12,6,630
2012,12,7,430
2012,12,8,40
2012,12,9,670
2012,12,10,310
2012,12,11,70
2012,12,12,880
2012,12,13,790
2012,12,14,700
2012,12,15,600
2012,12,16,500
2012,12,17,600
2012,12,18,500
2012,12,19,500
2012,12,20,550
2012,12,21,400
2012,12,22,400
2012,12,23,350
2012,12,24,300
2012,12,25,200
2012,12,26,150
2012,12,27,100
2012,12,28,80
2012,12,29,80
2012,12,30,50
2012,12,31,0
2013,1,1,70
2013,1,2,50
2013,1,3,0
2013,1,4,40
2013,1,5,20
2013,1,6,0
2013,1,7,200
2013,1,8,500
2013,1,9,120
2013,1,10,430
2013,1,11,0
2013,1,12,750
2013,1,13,520
2013,1,14,310
2013,1,15,150
2013,1,16,40
2013,1,17,75
2013,1,18,70
2013,1,19,50
2013,1,20,70
2013,1,21,0
2013,1,22,70
2013,1,23,200
2013,1,24,420
2013,1,25,250
2013,1,26,130
2013,1,27,30
2013,1,28,90
2013,1,29,50
2013,1,30,10
2013,1,31,280
2013,2,1,230
2013,2,2,190
2013,2,3,160
2013,2,4,130
2013,2,5,260
2013,2,6,340
2013,2,7,300
2013,2,8,250
2013,2,9,220
2013,2,10,200
2013,2,11,170
2013,2,12,160
2013,2,13,130
2013,2,14,120
2013,2,15,110
2013,2,16,180
2013,2,17,120
2013,2,18,70
2013,2,19,20
2013,2,20,90
2013,2,21,70
2013,2,22,10
2013,2,23,90
2013,2,24,30
2013,2,25,10
2013,2,26,10
2013,2,27,80
2013,2,28,70
2013,3,1,0
2013,3,2,300
2013,3,3,950
2013,3,4,700
2013,3,5,570
2013,3,6,440
2013,3,7,340
2013,3,8,140
2013,3,9,60
2013,3,10,0
2013,3,11,640
2013,3,12,430
2013,3,13,110
2013,3,14,600
2013,3,15,280
2013,3,16,60
2013,3,17,940
2013,3,18,810
2013,3,19,680
2013,3,20,900
2013,3,21,380
2013,3,22,930
2013,3,23,800
2013,3,24,680
2013,3,25,610
2013,3,26,520
2013,3,27,420
2013,3,28,310
2013,3,29,240
2013,3,30,320
2013,3,31,540
2013,4,1,810
2013,4,2,930
2013,4,3,680
2013,4,4,740
2013,4,5,50
2013,4,6,410
2013,4,7,590
2013,4,8,320
2013,4,9,140
2013,4,10,690
2013,4,11,370
2013,4,12,110
2013,4,13,950
2013,4,14,850
2013,4,15,750
2013,4,16,630
2013,4,17,510
2013,4,18,350
2013,4,19,500
2013,4,20,670
2013,4,21,530
2013,4,22,410
2013,4,23,330
2013,4,24,300
2013,4,25,370
2013,4,26,480
2013,4,27,620
2013,4,28,750
2013,4,29,700
2013,4,30,550
2013,5,1,430
2013,5,2,350
2013,5,3,400
2013,5,4,510
2013,5,5,610
2013,5,6,490
2013,5,7,320
2013,5,8,440
2013,5,9,390
2013,5,10,420
2013,5,11,600
2013,5,12,590
2013,5,13,140
2013,5,14,300
2013,5,15,610
2013,5,16,460
2013,5,17,550
2013,5,18,350
2013,5,19,150
2013,5,20,990
2013,5,21,60
2013,5,22,890
2013,5,23,800
2013,5,24,710
2013,5,25,600
2013,5,26,480
2013,5,27,690
2013,5,28,960
2013,5,29,200
2013,5,30,100
2013,5,31,20
2013,6,1,30
2013,6,2,180
2013,6,3,380
2013,6,4,550
2013,6,5,880
2013,6,6,0
2013,6,7,830
2013,6,8,580
2013,6,9,360
2013,6,10,210
2013,6,11,70
2013,6,12,20
2013,6,13,850
2013,6,14,790
2013,6,15,840
2013,6,16,880
2013,6,17,70
2013,6,18,210
2013,6,19,960
2013,6,20,760
2013,6,21,730
2013,6,22,690
2013,6,23,910
2013,6,24,80
2013,6,25,70
2013,6,26,320
2013,6,27,390
2013,6,28,330
2013,6,29,300
2013,6,30,350
2013,7,1,730
2013,7,2,970
2013,7,3,470
2013,7,4,140
2013,7,5,950
2013,7,6,860
2013,7,7,800
2013,7,8,800
2013,7,9,750
2013,7,10,730
2013,7,11,570
2013,7,12,360
2013,7,13,240
2013,7,14,200
2013,7,15,200
2013,7,16,180
2013,7,17,210
2013,7,18,240
2013,7,19,200
2013,7,20,160
2013,7,21,120
2013,7,22,110
2013,7,23,60
2013,7,24,50
2013,7,25,30
2013,7,26,91
2013,7,27,57
2013,7,28,22
2013,7,29,96
2013,7,30,84
2013,7,31,73
2013,8,1,68
2013,8,2,54
2013,8,3,16
2013,8,4,6
2013,8,5,14
2013,8,6,94
2013,8,7,62
2013,8,8,54
2013,8,9,42
2013,8,10,34
2013,8,11,45
2013,8,12,98
2013,8,13,52
2013,8,14,7
2013,8,15,52
2013,8,16,41
2013,8,17,5
2013,8,18,79
2013,8,19,45
2013,8,20,5
2013,8,21,75
2013,8,22,60
2013,8,23,68
2013,8,24,81
2013,8,25,50
2013,8,26,24
2013,8,27,40
2013,8,28,1
2013,8,29,10
2013,8,30,110
2013,8,31,6
2013,9,1,92
2013,9,2,74
2013,9,3,78
2013,9,4,36
2013,9,5,14
2013,9,6,14
2013,9,7,10
2013,9,8,93
2013,9,9,82
2013,9,10,72
2013,9,11,58
2013,9,12,69
2013,9,13,78
2013,9,14,56
2013,9,15,64
2013,9,16,19
2013,9,17,90
2013,9,18,30
2013,9,19,94
2013,9,20,78
2013,9,21,33
2013,9,22,44
2013,9,23,260
2013,9,24,69
2013,9,25,62
2013,9,26,71
2013,9,27,47
2013,9,28,80
2013,9,29,550
2013,9,30,770
2013,10,1,10
2013,10,2,520
2013,10,3,940
2013,10,4,590
2013,10,5,470
2013,10,6,490
2013,10,7,710
2013,10,8,490
2013,10,9,210
2013,10,10,100
2013,10,11,30
2013,10,12,60
2013,10,13,1
2013,10,14,55
2013,10,15,19
2013,10,16,97
2013,10,17,61
2013,10,18,27
2013,10,19,1
2013,10,20,79
2013,10,21,66
2013,10,22,63
2013,10,23,49
2013,10,24,30
2013,10,25,11
2013,10,26,90
2013,10,27,85
2013,10,28,64
2013,10,29,42
2013,10,30,27
2013,10,31,66
2013,11,1,29
2013,11,2,67
2013,11,3,76
2013,11,4,48
2013,11,5,74
2013,11,6,49
2013,11,7,780
2013,11,8,150
2013,11,9,32
2013,11,10,88
2013,11,11,53
2013,11,12,31
2013,11,13,50
2013,11,14,65
2013,11,15,87
2013,11,16,32
2013,11,17,52
2013,11,18,32
2013,11,19,190
2013,11,20,310
2013,11,21,20
2013,11,22,28
2013,11,23,84
2013,11,24,28
2013,11,25,67
2013,11,26,22
2013,11,27,11
2013,11,28,77
2013,11,29,46
2013,11,30,41
2013,12,1,740
2013,12,2,590
2013,12,3,70
2013,12,4,95
2013,12,5,21
2013,12,6,10
2013,12,7,40
2013,12,8,20
2013,12,9,2
2013,12,10,85
2013,12,11,58
2013,12,12,49
2013,12,13,44
2013,12,14,12
2013,12,15,26
2013,12,16,98
2013,12,17,61
2013,12,18,48
2013,12,19,14
2013,12,20,32
2013,12,21,86
2013,12,22,83
2013,12,23,42
2013,12,24,85
2013,12,25,89
2013,12,26,64
2013,12,27,21
2013,12,28,16
2013,12,29,53
2013,12,30,41
2013,12,31,37
2014,1,1,10
2014,1,2,62
2014,1,3,35
2014,1,4,48
2014,1,5,5
2014,1,6,81
2014,1,7,72
2014,1,8,64
2014,1,9,67
2014,1,10,20
2014,1,11,750
2014,1,12,410
2014,1,13,200
2014,1,14,840
2014,1,15,430
2014,1,16,320
2014,1,17,300
2014,1,18,200
2014,1,19,110
2014,1,20,10
2014,1,21,37
2014,1,22,95
2014,1,23,45
2014,1,24,10
2014,1,25,86
2014,1,26,62
2014,1,27,37
2014,1,28,61
2014,1,29,220
2014,1,30,100
2014,1,31,92
2014,2,1,39
2014,2,2,85
2014,2,3,27
2014,2,4,46
2014,2,5,20
2014,2,6,82
2014,2,7,78
2014,2,8,70
2014,2,9,79
2014,2,10,88
2014,2,11,39
2014,2,12,550
2014,2,13,200
2014,2,14,390
2014,2,15,590
2014,2,16,110
2014,2,17,90
2014,2,18,90
2014,2,19,870
2014,2,20,620
2014,2,21,410
2014,2,22,270
2014,2,23,160
2014,2,24,110
2014,2,25,410
2014,2,26,470
2014,2,27,560
2014,2,28,610
2014,3,1,540
2014,3,2,570
2014,3,3,10
2014,3,4,270
2014,3,5,990
2014,3,6,40
2014,3,7,360
2014,3,8,820
2014,3,9,390
2014,3,10,580
2014,3,11,540
2014,3,12,200
2014,3,13,10
2014,3,14,370
2014,3,15,320
2014,3,16,930
2014,3,17,670
2014,3,18,160
2014,3,19,960
2014,3,20,710
2014,3,21,440
2014,3,22,100
2014,3,23,960
2014,3,24,800
2014,3,25,120
2014,3,26,440
2014,3,27,980
2014,3,28,890
2014,3,29,480
2014,3,30,390
2014,3,31,940
2014,4,1,710
2014,4,2,580
2014,4,3,510
2014,4,4,540
2014,4,5,450
2014,4,6,530
2014,4,7,510
2014,4,8,760
2014,4,9,880
2014,4,10,610
2014,4,11,520
2014,4,12,490
2014,4,13,470
2014,4,14,460
2014,4,15,460
2014,4,16,470
2014,4,17,30
2014,4,18,870
2014,4,19,710
2014,4,20,760
2014,4,21,570
2014,4,22,550
2014,4,23,500
2014,4,24,230
2014,4,25,980
2014,4,26,740
2014,4,27,730
2014,4,28,590
2014,4,29,510
2014,4,30,660
2014,5,1,180
2014,5,2,470
2014,5,3,480
2014,5,4,770
2014,5,5,760
2014,5,6,320
2014,5,7,90
2014,5,8,120
2014,5,9,380
2014,5,10,130
2014,5,11,970
2014,5,12,860
2014,5,13,50
2014,5,14,590
2014,5,15,10
2014,5,16,970
2014,5,17,450
2014,5,18,200
2014,5,19,170
2014,5,20,30
2014,5,21,20
2014,5,22,170
2014,5,23,280
2014,5,24,30
2014,5,25,300
2014,5,26,140
2014,5,27,50
2014,5,28,880
2014,5,29,780
2014,5,30,740
2014,5,31,770
2014,6,1,880
2014,6,2,80
2014,6,3,250
2014,6,4,260
2014,6,5,50
2014,6,6,900
2014,6,7,880
2014,6,8,960
2014,6,9,20
2014,6,10,850
2014,6,11,660
2014,6,12,680
2014,6,13,760
2014,6,14,730
2014,6,15,570
2014,6,16,500
2014,6,17,430
2014,6,18,470
2014,6,19,480
2014,6,20,550
2014,6,21,400
2014,6,22,380
2014,6,23,410
2014,6,24,440
2014,6,25,480
2014,6,26,460
2014,6,27,530
2014,6,28,610
2014,6,29,500
2014,6,30,370
2014,7,1,390
2014,7,2,500
2014,7,3,440
2014,7,4,270
2014,7,5,170
2014,7,6,350
2014,7,7,390
2014,7,8,370
2014,7,9,330
2014,7,10,220
2014,7,11,180
2014,7,12,210
2014,7,13,220
2014,7,14,260
2014,7,15,180
2014,7,16,110
2014,7,17,50
2014,7,18,72
2014,7,19,60
2014,7,20,10
2014,7,21,14
2014,7,22,63
2014,7,23,73
2014,7,24,68
2014,7,25,12
2014,7,26,83
2014,7,27,65
2014,7,28,66
2014,7,29,83
2014,7,30,83
2014,7,31,47
2014,8,1,17
2014,8,2,92
2014,8,3,3
2014,8,4,81
2014,8,5,69
2014,8,6,45
2014,8,7,13
2014,8,8,73
2014,8,9,47
2014,8,10,27
2014,8,11,21
2014,8,12,70
2014,8,13,41
2014,8,14,17
2014,8,15,29
2014,8,16,79
2014,8,17,45
2014,8,18,30
2014,8,19,29
2014,8,20,6
2014,8,21,60
2014,8,22,27
2014,8,23,8
2014,8,24,1
2014,8,25,91
2014,8,26,92
2014,8,27,6
2014,8,28,12
2014,8,29,97
2014,8,30,84
2014,8,31,66
2014,9,1,38
2014,9,2,40
2014,9,3,70
2014,9,4,23
2014,9,5,5
2014,9,6,97
2014,9,7,91
2014,9,8,91
2014,9,9,86
2014,9,10,78
2014,9,11,61
2014,9,12,51
2014,9,13,42
2014,9,14,38
2014,9,15,35
2014,9,16,36
2014,9,17,47
2014,9,18,90
2014,9,19,1
2014,9,20,87
2014,9,21,67
2014,9,22,66
2014,9,23,26
2014,9,24,99
2014,9,25,31
2014,9,26,15
2014,9,27,5
2014,9,28,98
2014,9,29,40
2014,9,30,48
2014,10,1,14
2014,10,2,77
2014,10,3,62
2014,10,4,64
2014,10,5,68
2014,10,6,67
2014,10,7,68
2014,10,8,48
2014,10,9,33
2014,10,10,23
2014,10,11,61
2014,10,12,15
2014,10,13,75
2014,10,14,60
2014,10,15,51
2014,10,16,93
2014,10,17,94
2014,10,18,380
2014,10,19,47
2014,10,20,890
2014,10,21,470
2014,10,22,150
2014,10,23,70
2014,10,24,720
2014,10,25,40
2014,10,26,790
2014,10,27,210
2014,10,28,590
2014,10,29,540
2014,10,30,460
2014,10,31,630
2014,11,1,720
2014,11,2,340
2014,11,3,660
2014,11,4,880
2014,11,5,30
2014,11,6,700
2014,11,7,600
2014,11,8,790
2014,11,9,670
2014,11,10,300
2014,11,11,60
2014,11,12,710
2014,11,13,620
2014,11,14,490
2014,11,15,360
2014,11,16,280
2014,11,17,200
2014,11,18,120
2014,11,19,60
2014,11,20,80
2014,11,21,840
2014,11,22,920
2014,11,23,980
2014,11,24,740
2014,11,25,420
2014,11,26,420
2014,11,27,0
2014,11,28,140
2014,11,29,260
2014,11,30,830
2014,12,1,530
2014,12,2,350
2014,12,3,110
2014,12,4,960
2014,12,5,970
2014,12,6,120
2014,12,7,890
2014,12,8,460
2014,12,9,40
2014,12,10,110
2014,12,11,960
2014,12,12,30
2014,12,13,260
2014,12,14,90
2014,12,15,570
2014,12,16,270
2014,12,17,40
2014,12,18,940
2014,12,19,80
2014,12,20,700
2014,12,21,270
2014,12,22,480
2014,12,23,90
2014,12,24,860
2014,12,25,390
2014,12,26,220
2014,12,27,180
2014,12,28,50
2014,12,29,910
2014,12,30,710
2014,12,31,600
2015,1,1,610
2015,1,2,570
2015,1,3,470
2015,1,4,790
2015,1,5,90
2015,1,6,690
2015,1,7,140
2015,1,8,940
2015,1,9,830
2015,1,10,750
2015,1,11,610
2015,1,12,480
2015,1,13,490
2015,1,14,520
2015,1,15,570
2015,1,16,740
2015,1,17,490
2015,1,18,850
2015,1,19,300
2015,1,20,960
2015,1,21,760
2015,1,22,690
2015,1,23,440
2015,1,24,840
2015,1,25,120
2015,1,26,820
2015,1,27,700
2015,1,28,610
2015,1,29,510
2015,1,30,460
2015,1,31,420
2015,2,1,400
2015,2,2,390
2015,2,3,350
2015,2,4,320
2015,2,5,850
2015,2,6,150
2015,2,7,140
2015,2,8,170
2015,2,9,710
2015,2,10,840
2015,2,11,370
2015,2,12,210
2015,2,13,210
2015,2,14,30
2015,2,15,890
2015,2,16,830
2015,2,17,750
2015,2,18,680
2015,2,19,610
2015,2,20,520
2015,2,21,400
2015,2,22,320
2015,2,23,230
2015,2,24,180
2015,2,25,140
2015,2,26,110
2015,2,27,140
2015,2,28,80
2015,3,1,40
2015,3,2,20
2015,3,3,91
2015,3,4,66
2015,3,5,48
2015,3,6,29
2015,3,7,12
2015,3,8,94
2015,3,9,76
2015,3,10,42
2015,3,11,82
2015,3,12,70
2015,3,13,26
2015,3,14,650
2015,3,15,450
2015,3,16,280
2015,3,17,190
2015,3,18,140
2015,3,19,130
2015,3,20,740
2015,3,21,590
2015,3,22,860
2015,3,23,610
2015,3,24,430
2015,3,25,500
2015,3,26,620
2015,3,27,440
2015,3,28,560
2015,3,29,450
2015,3,30,590
2015,3,31,540
2015,4,1,410
2015,4,2,320
2015,4,3,260
2015,4,4,210
2015,4,5,170
2015,4,6,140
2015,4,7,100
2015,4,8,50
2015,4,9,0
2015,4,10,96
2015,4,11,60
2015,4,12,92
2015,4,13,63
2015,4,14,31
2015,4,15,86
2015,4,16,74
2015,4,17,5
2015,4,18,14
2015,4,19,97
2015,4,20,97
2015,4,21,22
2015,4,22,86
2015,4,23,48
2015,4,24,65
2015,4,25,26
2015,4,26,93
2015,4,27,64
2015,4,28,70
2015,4,29,32
2015,4,30,48
2015,5,1,14
2015,5,2,5
2015,5,3,85
2015,5,4,77
2015,5,5,11
2015,5,6,71
2015,5,7,31
2015,5,8,18
2015,5,9,20
2015,5,10,44
2015,5,11,71
2015,5,12,48
2015,5,13,2
2015,5,14,95
2015,5,15,5
2015,5,16,70
2015,5,17,41
2015,5,18,70
2015,5,19,91
2015,5,20,77
2015,5,21,92
2015,5,22,29
2015,5,23,3
2015,5,24,3
2015,5,25,58
2015,5,26,36
2015,5,27,39
2015,5,28,50
2015,5,29,64
2015,5,30,31
2015,5,31,83
2015,6,1,67
2015,6,2,76
2015,6,3,62
2015,6,4,54
2015,6,5,28
2015,6,6,29
2015,6,7,45
2015,6,8,46
2015,6,9,18
2015,6,10,87
2015,6,11,63
2015,6,12,47
2015,6,13,20
2015,6,14,2
2015,6,15,98
2015,6,16,1
2015,6,17,86
2015,6,18,83
2015,6,19,76
2015,6,20,55
2015,6,21,42
2015,6,22,30
2015,6,23,21
2015,6,24,32
2015,6,25,39
2015,6,26,57
2015,6,27,59
2015,6,28,54
2015,6,29,60
2015,6,30,58
2015,7,1,41
2015,7,2,35
2015,7,3,28
2015,7,4,25
2015,7,5,13
2015,7,6,6
2015,7,7,97
2015,7,8,88
2015,7,9,95
2015,7,10,92
2015,7,11,77
2015,7,12,62
2015,7,13,69
2015,7,14,42
2015,7,15,26
2015,7,16,20
2015,7,17,14
2015,7,18,20
2015,7,19,40
2015,7,20,48
2015,7,21,19
2015,7,22,94
2015,7,23,95
2015,7,24,6
2015,7,25,47
2015,7,26,15
2015,7,27,0
2015,7,28,94
2015,7,29,95
2015,7,30,98
2015,7,31,3
2015,8,1,96
2015,8,2,91
2015,8,3,93
2015,8,4,81
2015,8,5,65
2015,8,6,63
2015,8,7,64
2015,8,8,73
2015,8,9,80
2015,8,10,74
2015,8,11,68
2015,8,12,64
2015,8,13,67
2015,8,14,69
2015,8,15,62
2015,8,16,40
2015,8,17,38
2015,8,18,42
2015,8,19,46
2015,8,20,43
2015,8,21,31
2015,8,22,21
2015,8,23,20
2015,8,24,18
2015,8,25,10
2015,8,26,9
2015,8,27,11
2015,8,28,55
2015,8,29,93
2015,8,30,40
2015,8,31,47
2015,9,1,55
2015,9,2,1
2015,9,3,52
2015,9,4,82
2015,9,5,3
2015,9,6,97
2015,9,7,64
2015,9,8,0
2015,9,9,0
2015,9,10,59
2015,9,11,50
2015,9,12,41
2015,9,13,23
2015,9,14,89
2015,9,15,74
2015,9,16,74
2015,9,17,94
2015,9,18,3
2015,9,19,49
2015,9,20,0
2015,9,21,94
2015,9,22,26
2015,9,23,55
2015,9,24,35
2015,9,25,7
2015,9,26,51
2015,9,27,10
2015,9,28,95
2015,9,29,85
2015,9,30,78
2015,10,1,72
2015,10,2,67
2015,10,3,62
2015,10,4,53
2015,10,5,48
2015,10,6,46
2015,10,7,38
2015,10,8,12
2015,10,9,24
2015,10,10,26
2015,10,11,220
2015,10,12,17
2015,10,13,75
2015,10,14,89
2015,10,15,27
2015,10,16,57
2015,10,17,3
2015,10,18,43
2015,10,19,84
2015,10,20,42
2015,10,21,20
2015,10,22,10
2015,10,23,96
2015,10,24,86
2015,10,25,90
2015,10,26,72
2015,10,27,22
2015,10,28,13
2015,10,29,51
2015,10,30,140
2015,10,31,610
2015,11,1,40
2015,11,2,630
2015,11,3,250
2015,11,4,90
2015,11,5,10
2015,11,6,62
2015,11,7,880
2015,11,8,690
2015,11,9,330
2015,11,10,190
2015,11,11,270
2015,11,12,500
2015,11,13,370
2015,11,14,50
2015,11,15,410
2015,11,16,750
2015,11,17,210
2015,11,18,580
2015,11,19,530
2015,11,20,200
2015,11,21,60
2015,11,22,850
2015,11,23,700
2015,11,24,600
2015,11,25,470
2015,11,26,400
2015,11,27,350
2015,11,28,300
2015,11,29,280
2015,11,30,250
2015,12,1,270
2015,12,2,440
2015,12,3,450
2015,12,4,800
2015,12,5,690
2015,12,6,210
2015,12,7,720
2015,12,8,490
2015,12,9,30
2015,12,10,600
2015,12,11,70
2015,12,12,230
2015,12,13,500
2015,12,14,840
2015,12,15,360
2015,12,16,60
2015,12,17,970
2015,12,18,700
2015,12,19,150
2015,12,20,150
2015,12,21,100
2015,12,22,900
2015,12,23,840
2015,12,24,770
2015,12,25,530
2015,12,26,400
2015,12,27,350
2015,12,28,300
2015,12,29,250
2015,12,30,200
2015,12,31,150
2016,1,1,120
2016,1,2,100
2016,1,3,70
2016,1,4,40
2016,1,5,30
2016,1,6,30
2016,1,7,10
2016,1,8,83
2016,1,9,64
2016,1,10,45
2016,1,11,65
2016,1,12,220
2016,1,13,190
2016,1,14,510
2016,1,15,300
2016,1,16,430
2016,1,17,950
2016,1,18,990
2016,1,19,730
2016,1,20,520
2016,1,21,10
2016,1,22,750
2016,1,23,630
2016,1,24,620
2016,1,25,240
2016,1,26,420
2016,1,27,10
2016,1,28,940
2016,1,29,970
2016,1,30,790
2016,1,31,260
2016,2,1,790
2016,2,2,530
2016,2,3,450
2016,2,4,480
2016,2,5,560
2016,2,6,780
2016,2,7,440
2016,2,8,330
2016,2,9,390
2016,2,10,460
2016,2,11,480
2016,2,12,990
2016,2,13,380
2016,2,14,170
2016,2,15,440
2016,2,16,890
2016,2,17,990
2016,2,18,460
2016,2,19,110
2016,2,20,880
2016,2,21,580
2016,2,22,490
2016,2,23,340
2016,2,24,160
2016,2,25,20
2016,2,26,960
2016,2,27,910
2016,2,28,950
2016,2,29,910
2016,3,1,540
2016,3,2,810
2016,3,3,160
2016,3,4,10
2016,3,5,670
2016,3,6,540
2016,3,7,120
2016,3,8,690
2016,3,9,630
2016,3,10,60
2016,3,11,450
2016,3,12,0
2016,3,13,810
2016,3,14,730
2016,3,15,440
2016,3,16,220
2016,3,17,60
2016,3,18,940
2016,3,19,870
2016,3,20,910
2016,3,21,160
2016,3,22,80
2016,3,23,990
2016,3,24,60
2016,3,25,940
2016,3,26,860
2016,3,27,860
2016,3,28,780
2016,3,29,720
2016,3,30,690
2016,3,31,720
2016,4,1,830
2016,4,2,940
2016,4,3,920
2016,4,4,210
2016,4,5,20
2016,4,6,880
2016,4,7,890
2016,4,8,190
2016,4,9,330
2016,4,10,180
2016,4,11,70
2016,4,12,40
2016,4,13,940
2016,4,14,840
2016,4,15,750
2016,4,16,680
2016,4,17,680
2016,4,18,820
2016,4,19,140
2016,4,20,470
2016,4,21,720
2016,4,22,530
2016,4,23,300
2016,4,24,190
2016,4,25,0
2016,4,26,870
2016,4,27,800
2016,4,28,730
2016,4,29,700
2016,4,30,670
2016,5,1,670
2016,5,2,750
2016,5,3,970
2016,5,4,30
2016,5,5,920
2016,5,6,890
2016,5,7,950
2016,5,8,70
2016,5,9,920
2016,5,10,820
2016,5,11,800
2016,5,12,830
2016,5,13,840
2016,5,14,910
2016,5,15,970
2016,5,16,920
2016,5,17,910
2016,5,18,880
2016,5,19,850
2016,5,20,730
2016,5,21,650
2016,5,22,630
2016,5,23,610
2016,5,24,580
2016,5,25,570
2016,5,26,620
2016,5,27,580
2016,5,28,580
2016,5,29,680
2016,5,30,610
2016,5,31,580
2016,6,1,690
2016,6,2,880
2016,6,3,760
2016,6,4,830
2016,6,5,20
2016,6,6,70
2016,6,7,920
2016,6,8,850
2016,6,9,710
2016,6,10,610
2016,6,11,530
2016,6,12,450
2016,6,13,430
2016,6,14,420
2016,6,15,350
2016,6,16,280
2016,6,17,240
2016,6,18,230
2016,6,19,220
2016,6,20,200
2016,6,21,250
2016,6,22,230
2016,6,23,270
2016,6,24,310
2016,6,25,200
2016,6,26,170
2016,6,27,210
2016,6,28,260
2016,6,29,250
2016,6,30,210
2016,7,1,140
2016,7,2,110
2016,7,3,110
2016,7,4,50
2016,7,5,96
2016,7,6,50
2016,7,7,40
2016,7,8,0
2016,7,9,80
2016,7,10,36
2016,7,11,82
2016,7,12,68
2016,7,13,47
2016,7,14,20
2016,7,15,6
2016,7,16,94
2016,7,17,0
2016,7,18,87
2016,7,19,68
2016,7,20,36
2016,7,21,15
2016,7,22,54
2016,7,23,11
2016,7,24,81
2016,7,25,86
2016,7,26,98
2016,7,27,71
2016,7,28,52
2016,7,29,41
2016,7,30,29
2016,7,31,92
2016,8,1,67
2016,8,2,54
2016,8,3,37
2016,8,4,34
2016,8,5,24
2016,8,6,6
2016,8,7,4
2016,8,8,6
2016,8,9,81
2016,8,10,77
2016,8,11,75
2016,8,12,74
2016,8,13,81
2016,8,14,80
2016,8,15,66
2016,8,16,65
2016,8,17,61
2016,8,18,54
2016,8,19,53
2016,8,20,43
2016,8,21,38
2016,8,22,32
2016,8,23,20
2016,8,24,17
2016,8,25,19
2016,8,26,19
2016,8,27,23
2016,8,28,18
2016,8,29,10
2016,8,30,10
2016,8,31,13
2016,9,1,33
2016,9,2,51
2016,9,3,31
2016,9,4,9
2016,9,5,99
2016,9,6,18
2016,9,7,11
2016,9,8,3
2016,9,9,92
2016,9,10,90
2016,9,11,88
2016,9,12,80
2016,9,13,76
2016,9,14,73
2016,9,15,72
2016,9,16,71
2016,9,17,55
2016,9,18,8
2016,9,19,76
2016,9,20,55
2016,9,21,10
2016,9,22,96
2016,9,23,94
2016,9,24,6
2016,9,25,5
2016,9,26,0
2016,9,27,92
2016,9,28,84
2016,9,29,77
2016,9,30,74
2016,10,1,77
2016,10,2,9
2016,10,3,89
2016,10,4,88
2016,10,5,97
2016,10,6,25
2016,10,7,71
2016,10,8,380
2016,10,9,90
2016,10,10,55
2016,10,11,60
2016,10,12,18
2016,10,13,59
2016,10,14,970
2016,10,15,410
2016,10,16,140
2016,10,17,640
2016,10,18,160
2016,10,19,590
2016,10,20,540
2016,10,21,180
2016,10,22,820
2016,10,23,570
2016,10,24,420
2016,10,25,650
2016,10,26,90
2016,10,27,840
2016,10,28,310
2016,10,29,830
2016,10,30,560
2016,10,31,610
2016,11,1,580
2016,11,2,620
2016,11,3,140
2016,11,4,20
2016,11,5,300
2016,11,6,640
2016,11,7,300
2016,11,8,120
2016,11,9,650
2016,11,10,0
2016,11,11,690
2016,11,12,390
2016,11,13,150
2016,11,14,790
2016,11,15,170
2016,11,16,880
2016,11,17,650
2016,11,18,480
2016,11,19,420
2016,11,20,940
2016,11,21,870
2016,11,22,790
2016,11,23,790
2016,11,24,320
2016,11,25,370
2016,11,26,200
2016,11,27,600
2016,11,28,120
2016,11,29,640
2016,11,30,720
2016,12,1,460
2016,12,2,270
2016,12,3,230
2016,12,4,80
2016,12,5,890
2016,12,6,740
2016,12,7,590
2016,12,8,490
2016,12,9,470
2016,12,10,430
2016,12,11,510
2016,12,12,390
2016,12,13,270
2016,12,14,190
2016,12,15,130
2016,12,16,80
2016,12,17,20
2016,12,18,87
2016,12,19,90
2016,12,20,240
2016,12,21,130
2016,12,22,60
2016,12,23,60
2016,12,24,79
2016,12,25,27
2016,12,26,24
2016,12,27,20
2016,12,28,57
2016,12,29,94
2016,12,30,20
2016,12,31,42
2017,1,1,29
2017,1,2,65
2017,1,3,15
2017,1,4,78
2017,1,5,50
2017,1,6,36
2017,1,7,21
2017,1,8,34
2017,1,9,42
2017,1,10,57
2017,1,11,12
2017,1,12,82
2017,1,13,64
2017,1,14,52
2017,1,15,39
2017,1,16,40
2017,1,17,370
2017,1,18,30
2017,1,19,40
2017,1,20,900
2017,1,21,770
2017,1,22,240
2017,1,23,940
2017,1,24,720
2017,1,25,560
2017,1,26,430
2017,1,27,330
2017,1,28,250
2017,1,29,210
2017,1,30,170
2017,1,31,110
2017,2,1,50
2017,2,2,0
2017,2,3,10
2017,2,4,130
2017,2,5,110
2017,2,6,40
2017,2,7,68
2017,2,8,41
2017,2,9,740
2017,2,10,730
2017,2,11,830
2017,2,12,230
2017,2,13,950
2017,2,14,810
2017,2,15,20
2017,2,16,80
2017,2,17,440
2017,2,18,820
2017,2,19,40
2017,2,20,620
2017,2,21,390
2017,2,22,100
2017,2,23,910
2017,2,24,750
2017,2,25,610
2017,2,26,540
2017,2,27,450
2017,2,28,370
2017,3,1,300
2017,3,2,240
2017,3,3,450
2017,3,4,410
2017,3,5,290
2017,3,6,210
2017,3,7,160
2017,3,8,110
2017,3,9,110
2017,3,10,530
2017,3,11,520
2017,3,12,700
2017,3,13,260
2017,3,14,880
2017,3,15,870
2017,3,16,810
2017,3,17,320
2017,3,18,320
2017,3,19,340
2017,3,20,670
2017,3,21,410
2017,3,22,760
2017,3,23,540
2017,3,24,470
2017,3,25,400
2017,3,26,180
2017,3,27,20
2017,3,28,70
2017,3,29,680
2017,3,30,540
2017,3,31,170
2017,4,1,60
2017,4,2,20
2017,4,3,850
2017,4,4,740
2017,4,5,340
2017,4,6,330
2017,4,7,990
2017,4,8,380
2017,4,9,620
2017,4,10,320
2017,4,11,80
2017,4,12,10
2017,4,13,990
2017,4,14,840
2017,4,15,710
2017,4,16,620
2017,4,17,570
2017,4,18,720
2017,4,19,760
2017,4,20,730
2017,4,21,670
2017,4,22,730
2017,4,23,940
2017,4,24,870
2017,4,25,720
2017,4,26,690
2017,4,27,630
2017,4,28,530
2017,4,29,480
2017,4,30,470
2017,5,1,410
2017,5,2,370
2017,5,3,810
2017,5,4,900
2017,5,5,830
2017,5,6,910
2017,5,7,340
2017,5,8,110
2017,5,9,30
2017,5,10,140
2017,5,11,0
2017,5,12,40
2017,5,13,460
2017,5,14,180
2017,5,15,20
2017,5,16,950
2017,5,17,810
2017,5,18,810
2017,5,19,870
2017,5,20,230
2017,5,21,690
2017,5,22,170
2017,5,23,800
2017,5,24,710
2017,5,25,950
2017,5,26,910
2017,5,27,420
2017,5,28,70
2017,5,29,610
2017,5,30,0
2017,5,31,110
2017,6,1,830
2017,6,2,520
2017,6,3,280
2017,6,4,930
2017,6,5,650
2017,6,6,640
2017,6,7,60
2017,6,8,710
2017,6,9,180
2017,6,10,530
2017,6,11,270
2017,6,12,200
2017,6,13,250
2017,6,14,90
2017,6,15,350
2017,6,16,980
2017,6,17,350
2017,6,18,370
2017,6,19,730
2017,6,20,870
2017,6,21,600
2017,6,22,250
2017,6,23,170
2017,6,24,250
2017,6,25,650
2017,6,26,910
2017,6,27,550
2017,6,28,270
2017,6,29,220
2017,6,30,300
2017,7,1,320
2017,7,2,220
2017,7,3,100
2017,7,4,900
2017,7,5,850
2017,7,6,910
2017,7,7,930
2017,7,8,780
2017,7,9,760
2017,7,10,680
2017,7,11,500
2017,7,12,470
2017,7,13,470
2017,7,14,380
2017,7,15,320
2017,7,16,260
2017,7,17,160
2017,7,18,140
2017,7,19,170
2017,7,20,160
2017,7,21,90
2017,7,22,180
2017,7,23,190
2017,7,24,80
2017,7,25,10
2017,7,26,50
2017,7,27,40
2017,7,28,71
2017,7,29,32
2017,7,30,20
2017,7,31,85
2017,8,1,48
2017,8,2,59
2017,8,3,53
2017,8,4,59
2017,8,5,43
2017,8,6,95
2017,8,7,66
2017,8,8,62
2017,8,9,56
2017,8,10,65
2017,8,11,27
2017,8,12,89
2017,8,13,22
2017,8,14,35
2017,8,15,73
2017,8,16,61
2017,8,17,65
2017,8,18,45
2017,8,19,35
2017,8,20,7
2017,8,21,1
2017,8,22,2
2017,8,23,12
2017,8,24,93
2017,8,25,59
2017,8,26,41
2017,8,27,48
2017,8,28,62
2017,8,29,55
2017,8,30,32
2017,8,31,25
2017,9,1,9
2017,9,2,9
2017,9,3,16
2017,9,4,2
2017,9,5,4
2017,9,6,9
2017,9,7,7
2017,9,8,12
2017,9,9,5
2017,9,10,97
2017,9,11,59
2017,9,12,57
2017,9,13,43
2017,9,14,24
2017,9,15,12
2017,9,16,3
2017,9,17,3
2017,9,18,37
2017,9,19,58
2017,9,20,55
2017,9,21,14
2017,9,22,95
2017,9,23,86
2017,9,24,81
2017,9,25,86
2017,9,26,92
2017,9,27,86
2017,9,28,81
2017,9,29,89
2017,9,30,18
2017,10,1,35
2017,10,2,85
2017,10,3,68
2017,10,4,60
2017,10,5,53
2017,10,6,51
2017,10,7,52
2017,10,8,42
2017,10,9,86
2017,10,10,67
2017,10,11,58
2017,10,12,53
2017,10,13,60
2017,10,14,48
2017,10,15,58
2017,10,16,48
2017,10,17,75
2017,10,18,80
2017,10,19,410
2017,10,20,540
2017,10,21,270
2017,10,22,690
2017,10,23,930
2017,10,24,390
2017,10,25,210
2017,10,26,70
2017,10,27,34
2017,10,28,68
2017,10,29,3
2017,10,30,45
2017,10,31,0
2017,11,1,70
2017,11,2,97
2017,11,3,75
2017,11,4,25
2017,11,5,26
2017,11,6,82
2017,11,7,65
2017,11,8,73
2017,11,9,34
2017,11,10,90
2017,11,11,87
2017,11,12,200
2017,11,13,430
2017,11,14,380
2017,11,15,520
2017,11,16,890
2017,11,17,60
2017,11,18,670
2017,11,19,850
2017,11,20,980
2017,11,21,620
2017,11,22,500
2017,11,23,500
2017,11,24,470
2017,11,25,110
2017,11,26,590
2017,11,27,660
2017,11,28,330
2017,11,29,590
2017,11,30,220
2017,12,1,160
2017,12,2,920
2017,12,3,510
2017,12,4,220
2017,12,5,20
2017,12,6,880
2017,12,7,800
2017,12,8,710
2017,12,9,610
2017,12,10,570
2017,12,11,520
2017,12,12,460
2017,12,13,400
2017,12,14,340
2017,12,15,310
2017,12,16,260
2017,12,17,280
2017,12,18,40
2017,12,19,250
2017,12,20,910
2017,12,21,600
2017,12,22,470
2017,12,23,340
2017,12,24,270
2017,12,25,210
2017,12,26,150
2017,12,27,100
2017,12,28,290
2017,12,29,540
2017,12,30,500
2017,12,31,60
2018,1,1,670
2018,1,2,520
2018,1,3,440
2018,1,4,420
2018,1,5,410
2018,1,6,570
2018,1,7,110
2018,1,8,980
2018,1,9,820
2018,1,10,620
2018,1,11,60
2018,1,12,400
2018,1,13,280
2018,1,14,170
2018,1,15,70
2018,1,16,90
2018,1,17,360
2018,1,18,580
2018,1,19,810
2018,1,20,410
2018,1,21,990
2018,1,22,810
2018,1,23,660
2018,1,24,580
2018,1,25,860
2018,1,26,360
2018,1,27,190
2018,1,28,200
2018,1,29,890
2018,1,30,650
2018,1,31,510
2018,2,1,990
2018,2,2,410
2018,2,3,670
2018,2,4,670
2018,2,5,740
2018,2,6,970
2018,2,7,600
2018,2,8,620
2018,2,9,410
2018,2,10,140
2018,2,11,940
2018,2,12,760
2018,2,13,640
2018,2,14,560
2018,2,15,450
2018,2,16,380
2018,2,17,440
2018,2,18,340
2018,2,19,220
2018,2,20,170
2018,2,21,110
2018,2,22,70
2018,2,23,20
2018,2,24,10
2018,2,25,10
2018,2,26,49
2018,2,27,17
2018,2,28,2
2018,3,1,97
2018,3,2,62
2018,3,3,29
2018,3,4,3
2018,3,5,78
2018,3,6,60
2018,3,7,45
2018,3,8,3
2018,3,9,84
2018,3,10,93
2018,3,11,69
2018,3,12,88
2018,3,13,76
2018,3,14,12
2018,3,15,53
2018,3,16,13
2018,3,17,88
2018,3,18,63
2018,3,19,42
2018,3,20,24
2018,3,21,15
2018,3,22,52
2018,3,23,32
2018,3,24,99
2018,3,25,76
2018,3,26,61
2018,3,27,74
2018,3,28,76
2018,3,29,60
2018,3,30,70
2018,3,31,79
2018,4,1,72
2018,4,2,57
2018,4,3,36
2018,4,4,42
2018,4,5,37
2018,4,6,58
2018,4,7,590
2018,4,8,180
2018,4,9,780
2018,4,10,800
2018,4,11,880
2018,4,12,660
2018,4,13,850
2018,4,14,160
2018,4,15,390
2018,4,16,50
2018,4,17,810
2018,4,18,610
2018,4,19,470
2018,4,20,380
2018,4,21,340
2018,4,22,240
2018,4,23,180
2018,4,24,190
2018,4,25,290
2018,4,26,560
2018,4,27,30
2018,4,28,270
2018,4,29,910
2018,4,30,740
2018,5,1,680
2018,5,2,700
2018,5,3,900
2018,5,4,190
2018,5,5,130
2018,5,6,400
2018,5,7,870
2018,5,8,990
2018,5,9,310
2018,5,10,870
2018,5,11,410
2018,5,12,390
2018,5,13,790
2018,5,14,370
2018,5,15,50
2018,5,16,100
2018,5,17,620
2018,5,18,220
2018,5,19,970
2018,5,20,840
2018,5,21,670
2018,5,22,640
2018,5,23,880
2018,5,24,100
2018,5,25,870
2018,5,26,580
2018,5,27,350
2018,5,28,390
2018,5,29,230
2018,5,30,0
2018,5,31,850
2018,6,1,720
2018,6,2,660
2018,6,3,800
2018,6,4,680
2018,6,5,570
2018,6,6,500
2018,6,7,610
2018,6,8,750
2018,6,9,760
2018,6,10,560
2018,6,11,400
2018,6,12,340
2018,6,13,400
2018,6,14,510
2018,6,15,410
2018,6,16,400
2018,6,17,630
2018,6,18,790
2018,6,19,890
2018,6,20,10
2018,6,21,980
2018,6,22,820
2018,6,23,650
2018,6,24,610
2018,6,25,670
2018,6,26,440
2018,6,27,330
2018,6,28,250
2018,6,29,190
2018,6,30,220
2018,7,1,230
2018,7,2,170
2018,7,3,90
2018,7,4,70
2018,7,5,120
2018,7,6,190
2018,7,7,160
2018,7,8,80
2018,7,9,70
2018,7,10,50
2018,7,11,10
2018,7,12,30
2018,7,13,70
2018,7,14,60
2018,7,15,99
2018,7,16,96
2018,7,17,10
2018,7,18,71
2018,7,19,11
2018,7,20,27
2018,7,21,72
2018,7,22,49
2018,7,23,67
2018,7,24,79
2018,7,25,61
2018,7,26,51
2018,7,27,47
2018,7,28,27
2018,7,29,13
2018,7,30,6
2018,7,31,0
2018,8,1,69
2018,8,2,26
2018,8,3,93
2018,8,4,71
2018,8,5,64
2018,8,6,62
2018,8,7,54
2018,8,8,60
2018,8,9,59
2018,8,10,44
2018,8,11,59
2018,8,12,55
2018,8,13,93
2018,8,14,77
2018,8,15,72
2018,8,16,70
2018,8,17,54
2018,8,18,39
2018,8,19,39
2018,8,20,33
2018,8,21,23
2018,8,22,13
2018,8,23,8
2018,8,24,93
2018,8,25,83
2018,8,26,81
2018,8,27,86
2018,8,28,71
2018,8,29,67
2018,8,30,64
2018,8,31,59
2018,9,1,49
2018,9,2,39
2018,9,3,34
2018,9,4,29
2018,9,5,22
2018,9,6,21
2018,9,7,24
2018,9,8,55
2018,9,9,70
2018,9,10,43
2018,9,11,95
2018,9,12,17
2018,9,13,71
2018,9,14,48
2018,9,15,88
2018,9,16,54
2018,9,17,57
2018,9,18,38
2018,9,19,82
2018,9,20,58
2018,9,21,24
2018,9,22,85
2018,9,23,97
2018,9,24,37
2018,9,25,92
2018,9,26,67
2018,9,27,59
2018,9,28,54
2018,9,29,46
2018,9,30,95
2018,10,1,79
2018,10,2,28
2018,10,3,73
2018,10,4,17
2018,10,5,25
2018,10,6,74
2018,10,7,45
2018,10,8,0
2018,10,9,29
2018,10,10,42
2018,10,11,4
2018,10,12,82
2018,10,13,66
2018,10,14,51
2018,10,15,41
2018,10,16,33
2018,10,17,25
2018,10,18,18
2018,10,19,11
2018,10,20,5
2018,10,21,2
2018,10,22,98
2018,10,23,93
2018,10,24,96
2018,10,25,15
2018,10,26,82
2018,10,27,7
2018,10,28,810
2018,10,29,90
2018,10,30,29
2018,10,31,24
2018,11,1,70
2018,11,2,160
2018,11,3,460
2018,11,4,370
2018,11,5,740
2018,11,6,390
2018,11,7,130
2018,11,8,75
2018,11,9,28
2018,11,10,52
2018,11,11,72
2018,11,12,23
2018,11,13,84
2018,11,14,90
2018,11,15,68
2018,11,16,93
2018,11,17,10
2018,11,18,65
2018,11,19,33
2018,11,20,5
2018,11,21,28
2018,11,22,89
2018,11,23,120
2018,11,24,27
2018,11,25,14
2018,11,26,500
2018,11,27,70
2018,11,28,330
2018,11,29,740
2018,11,30,100
2018,12,1,750
2018,12,2,490
2018,12,3,290
2018,12,4,140
2018,12,5,50
2018,12,6,66
2018,12,7,0
2018,12,8,62
2018,12,9,80
2018,12,10,80
2018,12,11,900
2018,12,12,760
2018,12,13,340
2018,12,14,140
2018,12,15,720
2018,12,16,130
2018,12,17,360
2018,12,18,690
2018,12,19,780
2018,12,20,490
2018,12,21,890
2018,12,22,400
2018,12,23,320
2018,12,24,710
2018,12,25,210
2018,12,26,950
2018,12,27,720
2018,12,28,590
2018,12,29,710
2018,12,30,850
2018,12,31,40
2019,1,1,780
2019,1,2,640
2019,1,3,990
2019,1,4,630
2019,1,5,610
2019,1,6,360
2019,1,7,620
2019,1,8,360
2019,1,9,80
2019,1,10,280
2019,1,11,760
2019,1,12,960
2019,1,13,480
2019,1,14,190
2019,1,15,970
2019,1,16,800
2019,1,17,770
2019,1,18,140
2019,1,19,360
2019,1,20,30
2019,1,21,780
2019,1,22,730
2019,1,23,420
2019,1,24,920
2019,1,25,710
2019,1,26,570
2019,1,27,500
2019,1,28,430
2019,1,29,350
2019,1,30,280
2019,1,31,220
2019,2,1,450
2019,2,2,450
2019,2,3,310
2019,2,4,200
2019,2,5,130
2019,2,6,70
2019,2,7,20
2019,2,8,97
2019,2,9,69
2019,2,10,25
2019,2,11,16
2019,2,12,4
2019,2,13,53
2019,2,14,19
2019,2,15,97
2019,2,16,63
2019,2,17,39
2019,2,18,10
2019,2,19,96
2019,2,20,86
2019,2,21,60
2019,2,22,55
2019,2,23,37
2019,2,24,23
2019,2,25,4
2019,2,26,84
2019,2,27,71
2019,2,28,58
2019,3,1,45
2019,3,2,34
2019,3,3,22
2019,3,4,10
2019,3,5,99
2019,3,6,91
2019,3,7,87
2019,3,8,75
2019,3,9,65
2019,3,10,56
2019,3,11,55
2019,3,12,66
2019,3,13,52
2019,3,14,48
2019,3,15,59
2019,3,16,80
2019,3,17,12
2019,3,18,60
2019,3,19,11
2019,3,20,56
2019,3,21,91
2019,3,22,91
2019,3,23,83
2019,3,24,37
2019,3,25,14
2019,3,26,26
2019,3,27,95
2019,3,28,68
2019,3,29,56
2019,3,30,50
2019,3,31,58
2019,4,1,68
2019,4,2,77
2019,4,3,61
2019,4,4,62
2019,4,5,31
2019,4,6,30
2019,4,7,78
2019,4,8,91
2019,4,9,20
2019,4,10,28
2019,4,11,96
2019,4,12,73
2019,4,13,81
2019,4,14,54
2019,4,15,96
2019,4,16,59
2019,4,17,51
2019,4,18,51
2019,4,19,810
2019,4,20,540
2019,4,21,330
2019,4,22,300
2019,4,23,400
2019,4,24,380
2019,4,25,280
2019,4,26,220
2019,4,27,180
2019,4,28,100
2019,4,29,60
2019,4,30,20
2019,5,1,0
2019,5,2,85
2019,5,3,98
2019,5,4,50
2019,5,5,190
2019,5,6,290
2019,5,7,430
2019,5,8,580
2019,5,9,730
2019,5,10,800
2019,5,11,920
2019,5,12,0
2019,5,13,730
2019,5,14,650
2019,5,15,730
2019,5,16,630
2019,5,17,660
2019,5,18,510
2019,5,19,460
2019,5,20,480
2019,5,21,400
2019,5,22,360
2019,5,23,460
2019,5,24,570
2019,5,25,490
2019,5,26,380
2019,5,27,410
2019,5,28,540
2019,5,29,610
2019,5,30,640
2019,5,31,680
2019,6,1,670
2019,6,2,670
2019,6,3,560
2019,6,4,380
2019,6,5,280
2019,6,6,230
2019,6,7,130
2019,6,8,50
2019,6,9,10
2019,6,10,30
2019,6,11,200
2019,6,12,330
2019,6,13,360
2019,6,14,190
2019,6,15,90
2019,6,16,80
2019,6,17,70
2019,6,18,60
2019,6,19,65
2019,6,20,65
2019,6,21,18
2019,6,22,34
2019,6,23,21
2019,6,24,89
2019,6,25,55
2019,6,26,53
2019,6,27,13
2019,6,28,85
2019,6,29,4
2019,6,30,79
2019,7,1,38
2019,7,2,17
2019,7,3,7
2019,7,4,95
2019,7,5,87
2019,7,6,57
2019,7,7,32
2019,7,8,22
2019,7,9,5
2019,7,10,77
2019,7,11,82
2019,7,12,38
2019,7,13,8
2019,7,14,86
2019,7,15,72
2019,7,16,67
2019,7,17,14
2019,7,18,78
2019,7,19,54
2019,7,20,14
2019,7,21,2
2019,7,22,8
2019,7,23,7
2019,7,24,89
2019,7,25,74
2019,7,26,73
2019,7,27,94
2019,7,28,68
2019,7,29,47
2019,7,30,43
2019,7,31,35
2019,8,1,35
2019,8,2,64
2019,8,3,98
2019,8,4,37
2019,8,5,24
2019,8,6,28
2019,8,7,29
2019,8,8,27
2019,8,9,18
2019,8,10,17
2019,8,11,5
2019,8,12,1
2019,8,13,83
2019,8,14,80
2019,8,15,76
2019,8,16,66
2019,8,17,62
2019,8,18,59
2019,8,19,52
2019,8,20,45
2019,8,21,85
2019,8,22,81
2019,8,23,44
2019,8,24,38
2019,8,25,31
2019,8,26,21
2019,8,27,18
2019,8,28,22
2019,8,29,28
2019,8,30,42
2019,8,31,29
2019,9,1,18
2019,9,2,10
2019,9,3,5
2019,9,4,0
2019,9,5,95
2019,9,6,96
2019,9,7,98
2019,9,8,9
2019,9,9,39
2019,9,10,58
2019,9,11,32
2019,9,12,34
2019,9,13,25
2019,9,14,90
2019,9,15,92
2019,9,16,71
2019,9,17,9
2019,9,18,34
2019,9,19,62
2019,9,20,93
2019,9,21,54
2019,9,22,82
2019,9,23,25
2019,9,24,50
2019,9,25,63
2019,9,26,54
2019,9,27,77
2019,9,28,72
2019,9,29,49
2019,9,30,26
2019,10,1,12
2019,10,2,4
2019,10,3,24
2019,10,4,76
2019,10,5,92
2019,10,6,49
2019,10,7,71
2019,10,8,13
2019,10,9,80
2019,10,10,13
2019,10,11,86
2019,10,12,68
2019,10,13,53
2019,10,14,37
2019,10,15,27
2019,10,16,99
2019,10,17,410
2019,10,18,390
2019,10,19,250
2019,10,20,66
2019,10,21,400
2019,10,22,290
2019,10,23,710
2019,10,24,370
2019,10,25,400
2019,10,26,130
2019,10,27,75
2019,10,28,93
2019,10,29,25
2019,10,30,74
2019,10,31,36
2019,11,1,99
2019,11,2,69
2019,11,3,44
2019,11,4,19
2019,11,5,94
2019,11,6,73
2019,11,7,54
2019,11,8,37
2019,11,9,41
2019,11,10,46
2019,11,11,9
2019,11,12,28
2019,11,13,17
2019,11,14,85
2019,11,15,52
2019,11,16,80
2019,11,17,370
2019,11,18,90
2019,11,19,44
2019,11,20,45
2019,11,21,70
2019,11,22,22
2019,11,23,91
2019,11,24,41
2019,11,25,25
2019,11,26,83
2019,11,27,60
2019,11,28,33
2019,11,29,14
2019,11,30,1
2019,12,1,93
2019,12,2,93
2019,12,3,23
2019,12,4,58
2019,12,5,72
2019,12,6,47
2019,12,7,97
2019,12,8,17
2019,12,9,17
2019,12,10,80
2019,12,11,75
2019,12,12,4
2019,12,13,53
2019,12,14,83
2019,12,15,94
2019,12,16,44
2019,12,17,31
2019,12,18,26
2019,12,19,28
2019,12,20,190
2019,12,21,470
2019,12,22,40
2019,12,23,540
2019,12,24,290
2019,12,25,140
2019,12,26,20
2019,12,27,39
2019,12,28,74
2019,12,29,46
2019,12,30,34
2019,12,31,570
2020,1,1,840
2020,1,2,110
2020,1,3,560
2020,1,4,100
2020,1,5,320
2020,1,6,730
2020,1,7,70
2020,1,8,700
2020,1,9,900
2020,1,10,90
2020,1,11,860
2020,1,12,440
2020,1,13,80
2020,1,14,830
2020,1,15,710
2020,1,16,550
2020,1,17,400
2020,1,18,400
2020,1,19,430
2020,1,20,660
2020,1,21,310
2020,1,22,880
2020,1,23,10
2020,1,24,550
2020,1,25,180
2020,1,26,20
2020,1,27,620
2020,1,28,770
2020,1,29,790
2020,1,30,500
2020,1,31,420
2020,2,1,270
2020,2,2,670
2020,2,3,510
2020,2,4,500
2020,2,5,430
2020,2,6,200
2020,2,7,450
2020,2,8,40
2020,2,9,190
2020,2,10,700
2020,2,11,370
2020,2,12,100
2020,2,13,920
2020,2,14,780
2020,2,15,660
2020,2,16,550
2020,2,17,440
2020,2,18,350
2020,2,19,280
2020,2,20,230
2020,2,21,170
2020,2,22,130
2020,2,23,180
2020,2,24,120
2020,2,25,50
2020,2,26,40
2020,2,27,0
2020,2,28,10
2020,2,29,40
2020,3,1,63
2020,3,2,38
2020,3,3,55
2020,3,4,33
2020,3,5,15
2020,3,6,18
2020,3,7,77
2020,3,8,42
2020,3,9,12
2020,3,10,91
2020,3,11,77
2020,3,12,49
2020,3,13,42
2020,3,14,15
2020,3,15,90
2020,3,16,80
2020,3,17,71
2020,3,18,57
2020,3,19,48
2020,3,20,44
2020,3,21,48
2020,3,22,54
2020,3,23,53
2020,3,24,47
2020,3,25,28
2020,3,26,10
2020,3,27,99
2020,3,28,39
2020,3,29,86
2020,3,30,62
2020,3,31,49
2020,4,1,76
2020,4,2,29
2020,4,3,94
2020,4,4,70
2020,4,5,54
2020,4,6,37
2020,4,7,27
2020,4,8,27
2020,4,9,52
2020,4,10,54
2020,4,11,6
2020,4,12,42
2020,4,13,97
2020,4,14,87
2020,4,15,82
2020,4,16,60
2020,4,17,78
2020,4,18,50
2020,4,19,90
2020,4,20,130
2020,4,21,190
2020,4,22,270
2020,4,23,440
2020,4,24,370
2020,4,25,440
2020,4,26,480
2020,4,27,640
2020,4,28,550
2020,4,29,490
2020,4,30,840
2020,5,1,650
2020,5,2,810
2020,5,3,30
2020,5,4,670
2020,5,5,530
2020,5,6,510
2020,5,7,420
2020,5,8,430
2020,5,9,620
2020,5,10,70
2020,5,11,610
2020,5,12,920
2020,5,13,520
2020,5,14,240
2020,5,15,30
2020,5,16,40
2020,5,17,740
2020,5,18,420
2020,5,19,190
2020,5,20,130
2020,5,21,60
2020,5,22,830
2020,5,23,710
2020,5,24,710
2020,5,25,20
2020,5,26,180
2020,5,27,20
2020,5,28,80
2020,5,29,430
2020,5,30,590
2020,5,31,320
2020,6,1,950
2020,6,2,810
2020,6,3,710
2020,6,4,690
2020,6,5,660
2020,6,6,620
2020,6,7,530
2020,6,8,450
2020,6,9,940
2020,6,10,40
2020,6,11,890
2020,6,12,20
2020,6,13,850
2020,6,14,620
2020,6,15,570
2020,6,16,580
2020,6,17,460
2020,6,18,530
2020,6,19,670
2020,6,20,10
2020,6,21,980
2020,6,22,730
2020,6,23,910
2020,6,24,0
2020,6,25,810
2020,6,26,780
2020,6,27,690
2020,6,28,480
2020,6,29,420
2020,6,30,440
2020,7,1,290
2020,7,2,220
2020,7,3,150
2020,7,4,80
2020,7,5,70
2020,7,6,50
2020,7,7,40
2020,7,8,88
2020,7,9,20
2020,7,10,0
2020,7,11,53
2020,7,12,53
2020,7,13,15
2020,7,14,59
2020,7,15,90
2020,7,16,53
2020,7,17,9
2020,7,18,51
2020,7,19,60
2020,7,20,72
2020,7,21,78
2020,7,22,53
2020,7,23,80
2020,7,24,31
2020,7,25,89
2020,7,26,68
2020,7,27,96
2020,7,28,15
2020,7,29,75
2020,7,30,52
2020,7,31,60
2020,8,1,42
2020,8,2,10
2020,8,3,96
2020,8,4,81
2020,8,5,70
2020,8,6,2
2020,8,7,52
2020,8,8,32
2020,8,9,8
2020,8,10,1
2020,8,11,97
2020,8,12,64
2020,8,13,45
2020,8,14,34
2020,8,15,42
2020,8,16,55
2020,8,17,76
2020,8,18,54
2020,8,19,33
2020,8,20,48
2020,8,21,21
2020,8,22,84
2020,8,23,51
2020,8,24,19
2020,8,25,4
2020,8,26,88
2020,8,27,78
2020,8,28,70
2020,8,29,65
2020,8,30,53
2020,8,31,69
2020,9,1,74
2020,9,2,75
2020,9,3,61
2020,9,4,50
2020,9,5,45
2020,9,6,37
2020,9,7,42
2020,9,8,28
2020,9,9,19
2020,9,10,20
2020,9,11,17
2020,9,12,14
2020,9,13,5
2020,9,14,1
2020,9,15,17
2020,9,16,33
2020,9,17,14
2020,9,18,11
2020,9,19,28
2020,9,20,17
2020,9,21,97
2020,9,22,96
2020,9,23,50
2020,9,24,290
2020,9,25,490
2020,9,26,600
2020,9,27,70
2020,9,28,16
2020,9,29,9
2020,9,30,41
2020,10,1,96
2020,10,2,61
2020,10,3,30
2020,10,4,5
2020,10,5,87
2020,10,6,77
2020,10,7,67
2020,10,8,55
2020,10,9,53
2020,10,10,600
2020,10,11,760
2020,10,12,980
2020,10,13,240
2020,10,14,650
2020,10,15,610
2020,10,16,630
2020,10,17,330
2020,10,18,340
2020,10,19,120
2020,10,20,86
2020,10,21,15
2020,10,22,48
2020,10,23,30
2020,10,24,40
2020,10,25,89
2020,10,26,49
2020,10,27,17
2020,10,28,91
2020,10,29,63
2020,10,30,98
2020,10,31,93
2020,11,1,44
2020,11,2,15
2020,11,3,530
2020,11,4,10
2020,11,5,630
2020,11,6,960
2020,11,7,480
2020,11,8,260
2020,11,9,120
2020,11,10,90
2020,11,11,95
2020,11,12,86
2020,11,13,330
2020,11,14,610
2020,11,15,580
2020,11,16,960
2020,11,17,310
2020,11,18,510
2020,11,19,450
2020,11,20,640
2020,11,21,210
2020,11,22,930
2020,11,23,730
2020,11,24,670
2020,11,25,620
2020,11,26,440
2020,11,27,350
2020,11,28,330
2020,11,29,230
2020,11,30,560
2020,12,1,390
2020,12,2,290
2020,12,3,220
2020,12,4,170
2020,12,5,140
2020,12,6,120
2020,12,7,120
2020,12,8,570
2020,12,9,50
2020,12,10,600
2020,12,11,430
2020,12,12,310
2020,12,13,290
2020,12,14,240
2020,12,15,260
2020,12,16,330
2020,12,17,850
2020,12,18,700
2020,12,19,370
2020,12,20,260
2020,12,21,850
2020,12,22,150
2020,12,23,180
2020,12,24,540
2020,12,25,450
2020,12,26,710
2020,12,27,390
2020,12,28,100
2020,12,29,900
2020,12,30,430
2020,12,31,270
2021,1,1,280
2021,1,2,60
2021,1,3,200
2021,1,4,420
2021,1,5,250
2021,1,6,560
2021,1,7,910
2021,1,8,150
2021,1,9,590
2021,1,10,320
2021,1,11,650
2021,1,12,490
2021,1,13,60
2021,1,14,790
2021,1,15,280
2021,1,16,420
2021,1,17,940
2021,1,18,560
2021,1,19,300
2021,1,20,110
2021,1,21,940
2021,1,22,800
2021,1,23,680
2021,1,24,600
2021,1,25,500
2021,1,26,420
2021,1,27,360
2021,1,28,290
2021,1,29,230
2021,1,30,190
2021,1,31,320
2021,2,1,590
2021,2,2,560
2021,2,3,370
2021,2,4,260
2021,2,5,260
2021,2,6,220
2021,2,7,160
2021,2,8,110
2021,2,9,50
2021,2,10,10
2021,2,11,80
2021,2,12,50
2021,2,13,47
2021,2,14,9
2021,2,15,45
2021,2,16,34
2021,2,17,92
2021,2,18,68
2021,2,19,25
2021,2,20,71
2021,2,21,2
2021,2,22,860
2021,2,23,650
2021,2,24,320
2021,2,25,250
2021,2,26,200
2021,2,27,100
2021,2,28,30
2021,3,1,0
2021,3,2,68
2021,3,3,32
2021,3,4,44
2021,3,5,640
2021,3,6,560
2021,3,7,380
2021,3,8,240
2021,3,9,160
2021,3,10,90
2021,3,11,20
2021,3,12,75
2021,3,13,38
2021,3,14,59
2021,3,15,26
2021,3,16,80
2021,3,17,51
2021,3,18,72
2021,3,19,20
2021,3,20,170
2021,3,21,70
2021,3,22,10
2021,3,23,41
2021,3,24,53
2021,3,25,41
2021,3,26,98
2021,3,27,82
2021,3,28,84
2021,3,29,57
2021,3,30,98
2021,3,31,71
2021,4,1,74
2021,4,2,66
2021,4,3,56
2021,4,4,74
2021,4,5,53
2021,4,6,42
2021,4,7,59
2021,4,8,55
2021,4,9,15
2021,4,10,12
2021,4,11,67
2021,4,12,47
2021,4,13,32
2021,4,14,27
2021,4,15,55
2021,4,16,76
2021,4,17,110
2021,4,18,460
2021,4,19,730
2021,4,20,770
2021,4,21,750
2021,4,22,810
2021,4,23,780
2021,4,24,730
2021,4,25,640
2021,4,26,540
2021,4,27,470
2021,4,28,430
2021,4,29,490
2021,4,30,860
2021,5,1,70
2021,5,2,810
2021,5,3,680
2021,5,4,650
2021,5,5,670
2021,5,6,750
2021,5,7,910
2021,5,8,670
2021,5,9,540
2021,5,10,510
2021,5,11,550
2021,5,12,700
2021,5,13,950
2021,5,14,170
2021,5,15,320
2021,5,16,560
2021,5,17,870
2021,5,18,620
2021,5,19,130
2021,5,20,850
2021,5,21,720
2021,5,22,710
2021,5,23,850
2021,5,24,90
2021,5,25,140
2021,5,26,90
2021,5,27,390
2021,5,28,440
2021,5,29,130
2021,5,30,90
2021,5,31,360
2021,6,1,90
2021,6,2,830
2021,6,3,750
2021,6,4,250
2021,6,5,730
2021,6,6,450
2021,6,7,120
2021,6,8,910
2021,6,9,770
2021,6,10,690
2021,6,11,630
2021,6,12,620
2021,6,13,990
2021,6,14,910
2021,6,15,410
2021,6,16,160
2021,6,17,120
2021,6,18,270
2021,6,19,380
2021,6,20,540
2021,6,21,830
2021,6,22,50
2021,6,23,850
2021,6,24,750
2021,6,25,940
2021,6,26,140
2021,6,27,330
2021,6,28,260
2021,6,29,190
2021,6,30,870
2021,7,1,380
2021,7,2,140
2021,7,3,0
2021,7,4,900
2021,7,5,810
2021,7,6,690
2021,7,7,640
2021,7,8,520
2021,7,9,430
2021,7,10,410
2021,7,11,330
2021,7,12,270
2021,7,13,250
2021,7,14,220
2021,7,15,150
2021,7,16,80
2021,7,17,20
2021,7,18,74
2021,7,19,47
2021,7,20,30
2021,7,21,85
2021,7,22,34
2021,7,23,9
2021,7,24,23
2021,7,25,43
2021,7,26,28
2021,7,27,1
2021,7,28,83
2021,7,29,57
2021,7,30,42
2021,7,31,55
2021,8,1,52
2021,8,2,40
2021,8,3,96
2021,8,4,70
2021,8,5,60
2021,8,6,80
2021,8,7,18
2021,8,8,55
2021,8,9,83
2021,8,10,77
2021,8,11,99
2021,8,12,92
2021,8,13,85
2021,8,14,78
2021,8,15,45
2021,8,16,24
2021,8,17,5
2021,8,18,72
2021,8,19,72
2021,8,20,73
2021,8,21,62
2021,8,22,47
2021,8,23,27
2021,8,24,13
2021,8,25,4
2021,8,26,3
2021,8,27,9
2021,8,28,95
2021,8,29,90
2021,8,30,87
2021,8,31,74
2021,9,1,64
2021,9,2,57
2021,9,3,51
2021,9,4,51
2021,9,5,67
2021,9,6,59
2021,9,7,47
2021,9,8,61
2021,9,9,60
2021,9,10,47
2021,9,11,39
2021,9,12,63
2021,9,13,39
2021,9,14,38
2021,9,15,60
2021,9,16,19
2021,9,17,5
2021,9,18,840
2021,9,19,66
2021,9,20,84
2021,9,21,69
2021,9,22,34
2021,9,23,5
2021,9,24,85
2021,9,25,83
2021,9,26,20
2021,9,27,690
2021,9,28,370
2021,9,29,40
2021,9,30,440
2021,10,1,320
2021,10,2,19
2021,10,3,85
2021,10,4,97
2021,10,5,38
2021,10,6,28
2021,10,7,55
2021,10,8,99
2021,10,9,68
2021,10,10,39
2021,10,11,2
2021,10,12,63
2021,10,13,72
2021,10,14,70
2021,10,15,76
2021,10,16,360
2021,10,17,220
2021,10,18,64
2021,10,19,3
2021,10,20,50
2021,10,21,270
2021,10,22,130
2021,10,23,540
2021,10,24,680
2021,10,25,840
2021,10,26,440
2021,10,27,460
2021,10,28,530
2021,10,29,100
2021,10,30,580
2021,10,31,680
2021,11,1,260
2021,11,2,190
2021,11,3,620
2021,11,4,330
2021,11,5,30
2021,11,6,70
2021,11,7,770
2021,11,8,440
2021,11,9,590
2021,11,10,390
2021,11,11,390
2021,11,12,550
2021,11,13,160
2021,11,14,140
2021,11,15,720
2021,11,16,410
2021,11,17,430
2021,11,18,170
2021,11,19,380
2021,11,20,800
2021,11,21,370
2021,11,22,140
2021,11,23,990
2021,11,24,770
2021,11,25,160
2021,11,26,190
2021,11,27,360
2021,11,28,90
2021,11,29,490
2021,11,30,860
2021,12,1,560
2021,12,2,810
2021,12,3,260
2021,12,4,810
2021,12,5,400
2021,12,6,220
2021,12,7,40
2021,12,8,940
2021,12,9,780
2021,12,10,700
2021,12,11,450
2021,12,12,590
2021,12,13,140
2021,12,14,890
2021,12,15,740
2021,12,16,610
2021,12,17,490
2021,12,18,840
2021,12,19,630
2021,12,20,70
2021,12,21,850
2021,12,22,520
2021,12,23,750
2021,12,24,290
2021,12,25,10
2021,12,26,810
2021,12,27,630
2021,12,28,540
2021,12,29,430
2021,12,30,370
2021,12,31,280
